{
  "throughput": [
    0.0,
    0.0,
    0.0,
    0.0,
    0.0,
    0.0,
    0.0,
    0.0,
    0.0,
    0.0,
    0.0,
    0.0,
    0.0,
    0.0,
    0.0,
    0.0,
    0.0,
    0.0,
    0.0,
    0.0
  ],
  "latency": [
    62.5,
    75.0,
    87.5,
    100.0,
    112.5,
    125.0,
    137.5,
    150.0,
    162.5,
    175.0,
    187.5,
    200.0,
    212.5,
    225.0,
    237.5,
    250.0,
    262.5,
    272.5,
    280.0,
    286.25
  ],
  "energy_consumption": [
    0,
    0,
    0,
    0,
    0,
    0,
    0,
    0,
    0,
    0,
    0,
    0,
    0,
    0,
    0,
    0,
    0,
    0,
    0,
    0
  ],
  "success_rate": [
    0.0,
    0.0,
    0.0,
    0.0,
    0.0,
    0.0,
    0.0,
    0.0,
    0.0,
    0.0,
    0.0,
    0.0,
    0.0,
    0.0,
    0.0,
    0.0,
    0.0,
    0.0,
    0.0,
    0.0
  ],
  "congestion": [
    0.05,
    0.1,
    0.15000000000000002,
    0.2,
    0.25,
    0.3,
    0.35000000000000003,
    0.4,
    0.44999999999999996,
    0.5,
    0.55,
    0.6,
    0.65,
    0.7000000000000001,
    0.7500000000000001,
    0.8,
    0.8499999999999999,
    0.8899999999999999,
    0.9199999999999999,
    0.945
  ]
}