{
    "config": {
        "num_shards": 8,
        "nodes_per_shard": 20,
        "total_nodes": 160,
        "malicious_percentage": 30.0,
        "attack_scenario": "mixed"
    },
    "final_metrics": {
        "throughput": 120.0,
        "latency": 68.07927906925063,
        "energy": 18.909844427847958,
        "security": 0,
        "cross_shard_ratio": 0.29858854166666665,
        "transaction_success_rate": 0.6,
        "network_stability": 0.9999999999999993,
        "resource_utilization": 0.9999999999999999,
        "consensus_efficiency": 0.9319207209307494,
        "shard_health": 0.58,
        "avg_hops": 0.29858854166666665,
        "network_resilience": 0.0,
        "avg_block_size": 1.218152777032016,
        "network_partition_events": 0
    },
    "real_time_stats": {
        "start_time": 1742689991.5916438,
        "elapsed_time": 368.88291096687317,
        "tx_per_second": 520.4903623666161,
        "avg_processing_time": 0.796234094582498,
        "peak_throughput": 9327.930612698765,
        "peak_latency": 0
    },
    "transaction_stats": {
        "total_created": 320000,
        "total_processed": 192000,
        "success_rate": 0.6
    }
}