{
    "config": {
        "num_shards": 32,
        "nodes_per_shard": 40,
        "total_nodes": 1280,
        "malicious_percentage": 30.0,
        "attack_scenario": "mixed"
    },
    "final_metrics": {
        "throughput": 200.0,
        "latency": 34.01142983625131,
        "energy": 16.957466521887724,
        "security": 0,
        "cross_shard_ratio": 0.2999125,
        "transaction_success_rate": 1.0,
        "network_stability": 0.41612269096734,
        "resource_utilization": 0.06250000000000003,
        "consensus_efficiency": 0.9659885701637487,
        "shard_health": 0.6860868072902019,
        "avg_hops": 0.2999125,
        "network_resilience": 0.0,
        "avg_block_size": 1.268055631374339,
        "network_partition_events": 5
    },
    "real_time_stats": {
        "start_time": 1742690480.2229595,
        "elapsed_time": 33.83164405822754,
        "tx_per_second": 2364.6500850597813,
        "avg_processing_time": 0.00820588470697403,
        "peak_throughput": 11128.015395708948,
        "peak_latency": 0
    },
    "transaction_stats": {
        "total_created": 80000,
        "total_processed": 80000,
        "success_rate": 1.0
    }
}