{
    "config": {
        "num_shards": 16,
        "nodes_per_shard": 30,
        "total_nodes": 480,
        "malicious_percentage": 30.0,
        "attack_scenario": "mixed"
    },
    "final_metrics": {
        "throughput": 199.9925,
        "latency": 35.010135016031256,
        "energy": 17.04045642749968,
        "security": 0,
        "cross_shard_ratio": 0.2981799317474405,
        "transaction_success_rate": 0.9999625,
        "network_stability": 0.7086378370823437,
        "resource_utilization": 0.13460938206030992,
        "consensus_efficiency": 0.9649898649839688,
        "shard_health": 0.7522788511247032,
        "avg_hops": 0.2981799317474405,
        "network_resilience": 0.0,
        "avg_block_size": 1.1875256067447812,
        "network_partition_events": 2
    },
    "real_time_stats": {
        "start_time": 1742690365.4968076,
        "elapsed_time": 110.14394116401672,
        "tx_per_second": 1452.5901135292675,
        "avg_processing_time": 0.014585143652794034,
        "peak_throughput": 13791.421552234877,
        "peak_latency": 0
    },
    "transaction_stats": {
        "total_created": 160000,
        "total_processed": 159994,
        "success_rate": 0.9999625
    }
}