{
    "config": {
        "num_shards": 4,
        "nodes_per_shard": 10,
        "total_nodes": 40,
        "malicious_percentage": 30.0,
        "attack_scenario": "mixed"
    },
    "final_metrics": {
        "throughput": 60.0,
        "latency": 66.98962968740454,
        "energy": 18.906404112208747,
        "security": 0,
        "cross_shard_ratio": 0.29940104166666665,
        "transaction_success_rate": 0.3,
        "network_stability": 0.9999999999999994,
        "resource_utilization": 0.9999999999999998,
        "consensus_efficiency": 0.9330103703125955,
        "shard_health": 0.5799999999999998,
        "avg_hops": 0.29940104166666665,
        "network_resilience": 0.0,
        "avg_block_size": 1.3137641814465342,
        "network_partition_events": 0
    },
    "real_time_stats": {
        "start_time": 1742688900.8178592,
        "elapsed_time": 1085.4345960617065,
        "tx_per_second": 176.88767310037431,
        "avg_processing_time": 2.401136990034332,
        "peak_throughput": 6000.0,
        "peak_latency": 0
    },
    "transaction_stats": {
        "total_created": 640000,
        "total_processed": 192000,
        "success_rate": 0.3
    }
}