{
    "config": {
        "num_shards": 64,
        "nodes_per_shard": 50,
        "total_nodes": 3200,
        "malicious_percentage": 0,
        "attack_scenario": null
    },
    "final_metrics": {
        "throughput": 50.0,
        "latency": 31.881450799993832,
        "energy": 16.88319540578259,
        "security": 1.0,
        "cross_shard_ratio": 0.30096,
        "transaction_success_rate": 1.0,
        "network_stability": 0.30494953705748146,
        "resource_utilization": 0.007812500000000003,
        "consensus_efficiency": 0.9681185492000062,
        "shard_health": 0.7891411111172444,
        "avg_hops": 0.30096,
        "network_resilience": 0.3025671187992199,
        "avg_block_size": 1.2498268724763333,
        "network_partition_events": 6
    },
    "real_time_stats": {
        "start_time": 1742689272.8887174,
        "elapsed_time": 54.04430294036865,
        "tx_per_second": 925.1668960402533,
        "avg_processing_time": 0.005595398359298706,
        "peak_throughput": 2321.565794810723,
        "peak_latency": 0
    },
    "transaction_stats": {
        "total_created": 50000,
        "total_processed": 50000,
        "success_rate": 1.0
    }
}