{
  "throughput": [
    0.25,
    0.5,
    0.5,
    0.75,
    0.5,
    0.5,
    0.25,
    0.25,
    0.25,
    0.25,
    0.25,
    0.25,
    0.0,
    0.0,
    0.25,
    0.5,
    0.0,
    0.25,
    0.75,
    0.25,
    0.25,
    0.25,
    0.5,
    0.5,
    0.75,
    0.5,
    0.5,
    0.5,
    0.5,
    0.75,
    0.5,
    0.5,
    0.5,
    0.5,
    0.25,
    0.5,
    0.5,
    0.25,
    0.5,
    0.5,
    0.5,
    0.5,
    0.5,
    0.5,
    0.5,
    0.5,
    0.5,
    0.5,
    0.5,
    0.5,
    0.5,
    0.5,
    0.5,
    0.5,
    0.5,
    0.5,
    0.5,
    0.5,
    0.5,
    0.5,
    0.5,
    0.25,
    0.5,
    0.5,
    0.5,
    0.5,
    0.5,
    0.5,
    0.5,
    0.5,
    0.75,
    0.25,
    0.5,
    0.25,
    0.5,
    0.5,
    0.75,
    0.5,
    0.5,
    0.5,
    0.75,
    0.75,
    0.75,
    0.75,
    0.75,
    0.75,
    0.75,
    0.75,
    0.75,
    0.75,
    0.75,
    1.0,
    1.0,
    1.0,
    1.0,
    1.0,
    1.0,
    1.0,
    0.75,
    1.0
  ],
  "latency": [
    11.787500000000001,
    12.26875,
    12.90625,
    13.24375,
    13.69375,
    14.19375,
    14.66875,
    15.368749999999999,
    16.05625,
    16.525,
    17.1,
    17.51875,
    18.06875,
    18.450000000000003,
    18.925,
    19.4875,
    19.925,
    20.38125,
    21.00625,
    21.31875,
    21.8,
    22.20625,
    22.9125,
    23.28125,
    23.85625,
    24.4125,
    24.71875,
    25.4875,
    26.29375,
    26.86875,
    27.375,
    27.9,
    28.381249999999998,
    28.65625,
    29.10625,
    29.56875,
    29.99375,
    30.3375,
    30.775000000000002,
    31.3125,
    32.09375,
    32.5875,
    33.09375,
    33.53125,
    34.05,
    34.4875,
    34.90625,
    35.53125,
    35.8375,
    36.225,
    36.6875,
    37.1375,
    37.6,
    38.0625,
    38.65,
    39.075,
    39.55625,
    40.03125,
    40.75,
    41.35625,
    41.831250000000004,
    42.2875,
    42.81875,
    43.2625,
    43.68125,
    44.2,
    44.6,
    45.1375,
    45.50625,
    46.00625,
    46.40625,
    46.975,
    47.475,
    47.7625,
    48.25,
    48.7375,
    49.2875,
    49.70625,
    50.225,
    50.75625,
    51.25625,
    51.98125,
    52.4625,
    52.725,
    53.23125,
    53.6,
    54.03125,
    54.475,
    55.05,
    55.34375,
    56.1,
    56.53125,
    56.98125,
    57.493750000000006,
    58.018750000000004,
    58.518750000000004,
    58.85625,
    59.19375,
    59.58125,
    60.1
  ],
  "energy_consumption": [
    2092.26,
    4763.72,
    7368.15,
    10484.18,
    13190.84,
    15914.92,
    18140.86,
    20246.05,
    22391.940000000002,
    24668.57,
    26906.36,
    29169.25,
    30929.25,
    32709.25,
    34840.99,
    37446.439999999995,
    39156.439999999995,
    41601.14,
    44517.64,
    46869.99,
    49413.81,
    51781.63,
    54585.340000000004,
    57617.83,
    60739.68,
    63359.08,
    66140.05,
    68026.57999999999,
    70494.54000000001,
    73539.4,
    76124.75,
    78275.34999999999,
    81093.92,
    83978.41,
    86045.95000000001,
    88573.20999999999,
    91039.92000000001,
    93621.84,
    96794.56000000001,
    99853.75,
    101917.84,
    104233.99,
    106570.92000000001,
    109142.52,
    111762.61,
    114355.48000000001,
    117210.16,
    119492.99,
    122358.72000000002,
    125264.35,
    127864.82,
    130418.73000000001,
    132990.38999999998,
    135722.88,
    138296.17,
    140729.31,
    143173.81,
    145748.87,
    148236.97,
    150699.97,
    153526.24,
    155883.54,
    158757.31,
    161651.26,
    164456.22999999998,
    166909.45,
    169629.37,
    171901.84000000003,
    174617.29,
    177218.93,
    180437.97999999998,
    182458.53999999998,
    184792.61,
    187013.19,
    189979.77,
    192583.47999999998,
    195498.93,
    198613.98,
    201145.17,
    203662.53,
    206519.66000000003,
    209184.41,
    212415.10000000003,
    215076.38,
    218541.08000000002,
    222000.13,
    224627.78,
    227681.59000000003,
    230741.1,
    233709.73000000004,
    236356.92,
    239579.52000000002,
    242539.22999999998,
    246100.66999999998,
    249597.5,
    252797.27000000002,
    256339.97999999998,
    260003.3,
    262942.04,
    266245.76
  ],
  "success_rate": [
    0.8,
    0.815,
    0.8033333333333333,
    0.8225,
    0.826,
    0.825,
    0.8257142857142857,
    0.81625,
    0.8088888888888889,
    0.811,
    0.81,
    0.8133333333333334,
    0.8123076923076923,
    0.815,
    0.816,
    0.815,
    0.8158823529411765,
    0.8172222222222222,
    0.8152631578947368,
    0.819,
    0.8195238095238095,
    0.8213636363636364,
    0.8182608695652174,
    0.8204166666666667,
    0.8192,
    0.8188461538461539,
    0.8214814814814815,
    0.8178571428571428,
    0.8141379310344827,
    0.8133333333333334,
    0.8135483870967742,
    0.8134375,
    0.813939393939394,
    0.8164705882352942,
    0.8168571428571428,
    0.8175,
    0.8181081081081081,
    0.8194736842105264,
    0.8202564102564103,
    0.82,
    0.817560975609756,
    0.8176190476190476,
    0.8176744186046512,
    0.8181818181818182,
    0.8182222222222222,
    0.818695652173913,
    0.8191489361702128,
    0.8183333333333334,
    0.82,
    0.821,
    0.8211764705882353,
    0.8215384615384616,
    0.8218867924528301,
    0.822037037037037,
    0.8214545454545454,
    0.8219642857142857,
    0.8221052631578948,
    0.8222413793103448,
    0.8208474576271186,
    0.8201666666666667,
    0.820327868852459,
    0.8204838709677419,
    0.8203174603174603,
    0.820625,
    0.821076923076923,
    0.821060606060606,
    0.8216417910447761,
    0.8214705882352941,
    0.8221739130434783,
    0.8222857142857143,
    0.8226760563380282,
    0.8222222222222222,
    0.8221917808219178,
    0.8231081081081081,
    0.8230666666666666,
    0.8231578947368421,
    0.8228571428571428,
    0.8232051282051283,
    0.8231645569620253,
    0.822875,
    0.8228395061728395,
    0.8218292682926829,
    0.8218072289156626,
    0.8227380952380953,
    0.8228235294117647,
    0.8233720930232559,
    0.8235632183908046,
    0.82375,
    0.8234831460674157,
    0.8243333333333334,
    0.8234065934065934,
    0.823695652173913,
    0.8238709677419355,
    0.8238297872340425,
    0.8237894736842105,
    0.8238541666666667,
    0.8244329896907217,
    0.8251020408163265,
    0.8255555555555556,
    0.8254
  ],