{
  "throughput": [
    2.0,
    2.25,
    1.5,
    2.5,
    2.75,
    2.5,
    2.0,
    2.5,
    3.0,
    2.75,
    1.75,
    2.5,
    2.0,
    2.5,
    2.5,
    2.25,
    2.5,
    1.75,
    2.5,
    1.25,
    2.25,
    2.5,
    2.25,
    1.5,
    1.5,
    1.75,
    1.5,
    1.75,
    2.25,
    1.5,
    2.5,
    2.75,
    2.0,
    2.25,
    2.75,
    2.25,
    2.25,
    2.0,
    2.0,
    1.5,
    2.25,
    2.25,
    2.0,
    2.0,
    2.25,
    1.0,
    1.25,
    2.25,
    1.25,
    1.5,
    2.0,
    2.0,
    1.5,
    2.25,
    2.0,
    2.25,
    2.0,
    2.0,
    2.25,
    1.5,
    0.75,
    1.0,
    2.5,
    1.5,
    2.25,
    2.0,
    2.0,
    1.25,
    2.0,
    1.5,
    2.0,
    1.0,
    1.25,
    1.25,
    2.25,
    1.5,
    1.75,
    2.0,
    2.0,
    2.25,
    2.25,
    1.5,
    2.0,
    1.75,
    1.75,
    1.75,
    1.5,
    1.5,
    1.75,
    2.5,
    2.0,
    1.75,
    2.0,
    1.75,
    2.0,
    1.5,
    1.5,
    1.0,
    1.75,
    1.75
  ],
  "latency": [
    11.93125,
    12.55,
    13.09375,
    14.0,
    14.86875,
    15.64375,
    16.393749999999997,
    17.18125,
    17.862499999999997,
    18.481250000000003,
    19.18125,
    19.8125,
    20.599999999999998,
    21.200000000000003,
    21.925,
    22.75,
    23.39375,
    24.200000000000003,
    24.85625,
    25.525000000000002,
    26.26875,
    27.0375,
    27.91875,
    28.706249999999997,
    29.549999999999997,
    30.25,
    30.96875,
    31.725,
    32.3875,
    33.3125,
    34.275,
    34.8875,
    35.8,
    36.63125,
    37.45625,
    38.2875,
    39.25,
    39.975,
    40.75625,
    41.375,
    42.0375,
    42.58125,
    43.275000000000006,
    43.925,
    44.618750000000006,
    45.3625,
    46.1125,
    46.76875,
    47.7125,
    48.44375,
    49.26875,
    49.949999999999996,
    50.7125,
    51.41875,
    52.33125,
    53.13125,
    53.7625,
    54.25,
    54.99375,
    55.618750000000006,
    56.1625,
    56.868750000000006,
    57.525000000000006,
    58.35625,
    59.03125,
    59.974999999999994,
    60.925,
    61.7125,
    62.34375,
    63.1875,
    64.1875,
    65.15625,
    66.0125,
    66.63125,
    67.68124999999999,
    68.475,
    69.24375,
    69.9375,
    70.66875,
    71.5625,
    72.23125,
    72.83125,
    73.48750000000001,
    74.0875,
    74.85,
    75.55625,
    76.33125,
    76.81875,
    77.6,
    78.5125,
    79.325,
    79.92500000000001,
    80.76875000000001,
    81.65,
    82.45625,
    83.03750000000001,
    83.73124999999999,
    84.66250000000001,
    85.35000000000001,
    86.23750000000001
  ],
  "energy_consumption": [
    4173.185,
    10478.57,
    14001.44,
    19182.075,
    27253.285,
    32447.565000000002,
    36744.565,
    43062.865000000005,
    51477.59,
    58693.315,
    62915.41500000001,
    68480.97,
    72843.04000000001,
    79468.85,
    85500.87,
    91329.34000000001,
    97511.93000000001,
    101506.015,
    107294.15999999999,
    110502.185,
    116636.455,
    123298.91,
    129713.83499999999,
    133645.935,
    137003.73,
    141162.12,
    144577.85,
    147936.21,
    153842.59,
    157220.335,
    162672.52,
    170262.53,
    175240.99,
    180433.91999999998,
    186714.66999999998,
    190564.27000000002,
    196389.33500000002,
    201297.445,
    206609.97000000003,
    209850.14500000002,
    215417.85,
    221781.89500000002,
    227216.14500000002,
    232141.28,
    237493.36,
    239380.375,
    241904.135,
    246928.215,
    249534.26,
    253117.165,
    258167.09000000003,
    262858.565,
    265659.45999999996,
    272176.7,
    276791.42000000004,
    282649.26,
    288959.67000000004,
    294241.795,
    299250.43000000005,
    302516.75,
    304174.80500000005,
    306735.97500000003,
    313977.52,
    318497.83999999997,
    323750.455,
    328296.77,
    333953.17000000004,
    336827.22,
    342490.31,
    346185.54500000004,
    350785.64,
    352720.02,
    354795.92500000005,
    357589.365,
    364332.64,
    368482.705,
    373208.82000000007,
    378715.7100000001,
    383100.8,
    389181.015,
    393389.395,
    397158.56500000006,
    402228.67500000005,
    407298.23500000004,
    411320.79500000004,
    415766.995,
    420073.21,
    424807.855,
    430445.905,
    437060.22000000003,
    441664.865,
    445805.55000000005,
    450563.695,
    454219.915,
    459730.795,
    464077.34500000003,
    467567.575,
    470040.38,
    474918.16000000003,
    479669.58
  ],
  "success_rate": [
    0.71,
    0.73,
    0.7366666666666667,
    0.715,
    0.706,
    0.7033333333333334,
    0.7,
    0.69875,
    0.7033333333333334,
    0.708,
    0.7054545454545454,
    0.7091666666666666,
    0.7053846153846154,
    0.7085714285714285,
    0.7086666666666667,
    0.705625,
    0.7070588235294117,
    0.7038888888888889,
    0.7047368421052631,
    0.703,
    0.7019047619047619,
    0.7013636363636364,
    0.6991304347826087,
    0.6970833333333334,
    0.694,
    0.6938461538461539,
    0.6925925925925925,
    0.6917857142857143,
    0.6924137931034483,
    0.69,
    0.6880645161290323,
    0.6896875,
    0.6875757575757576,
    0.6864705882352942,
    0.6862857142857143,
    0.6855555555555556,
    0.6832432432432433,
    0.6831578947368421,
    0.683076923076923,
    0.68325,
    0.6841463414634147,
    0.685952380952381,
    0.685813953488372,
    0.6861363636363637,
    0.6866666666666666,
    0.6858695652173913,
    0.6851063829787234,
    0.685625,
    0.683469387755102,
    0.6832,
    0.6825490196078431,
    0.6828846153846154,
    0.6820754716981132,
    0.6824074074074075,
    0.6814545454545454,
    0.6810714285714285,
    0.6817543859649123,
    0.6836206896551724,
    0.683728813559322,
    0.684,
    0.6845901639344262,
    0.6840322580645162,
    0.6849206349206349,
    0.68390625,
    0.6843076923076923,
    0.6834848484848485,
    0.6822388059701493,
    0.6814705882352942,
    0.6821739130434783,
    0.6812857142857143,
    0.68,
    0.6786111111111112,
    0.6776712328767124,
    0.677972972972973,
    0.6766666666666666,
    0.6761842105263158,
    0.675974025974026,
    0.6761538461538461,
    0.6763291139240506,
    0.675875,
    0.6762962962962963,
    0.676829268292683,
    0.6772289156626506,
    0.6776190476190476,
    0.6776470588235294,
    0.6775581395348838,
    0.6771264367816092,
    0.6779545454545455,
    0.677752808988764,
    0.6774444444444444,
    0.6771428571428572,
    0.677608695652174,
    0.6774193548387096,
    0.6769148936170213,
    0.6768421052631579,
    0.6771875,
    0.6772164948453608,
    0.6763265306122449,
    0.6764646464646464,
    0.6759
  ],