{
  "throughput": [
    0.0,
    2.75,
    2.25,
    1.75,
    1.5,
    1.75,
    1.0,
    3.5,
    3.0,
    0.75,
    2.5,
    1.5,
    3.25,
    2.5,
    2.5,
    0.0,
    2.25,
    3.75,
    3.0,
    2.25,
    1.75,
    3.5,
    2.5,
    2.25,
    1.75,
    2.5,
    1.75,
    0.75,
    2.75,
    3.75,
    2.5,
    1.75,
    1.75,
    1.5,
    1.75,
    2.25,
    0.75,
    1.75,
    2.5,
    2.25,
    1.5,
    2.0,
    3.25,
    1.75,
    1.75,
    3.25,
    1.5,
    2.0,
    1.0,
    4.0
  ],
  "latency": [
    52.5,
    51.25,
    52.5,
    56.25,
    61.25,
    65.0,
    72.5,
    67.5,
    65.0,
    73.75,
    73.75,
    78.75,
    75.0,
    75.0,
    75.0,
    87.5,
    88.75,
    82.5,
    80.0,
    81.25,
    85.0,
    80.0,
    80.0,
    81.25,
    85.0,
    85.00000000000001,
    88.75,
    97.5,
    96.25,
    90.0,
    90.0,
    93.75,
    97.5,
    102.5,
    106.25,
    107.5,
    116.25,
    120.0,
    120.0,
    121.25,
    126.25,
    128.75,
    125.0,
    128.75,
    132.5,
    128.75,
    133.75,
    136.25,
    143.75,
    136.25
  ],
  "energy_consumption": [
    0,
    0,
    0,
    0,
    0,
    0,
    0,
    0,
    0,
    0,
    0,
    0,
    0,
    0,
    0,
    0,
    0,
    0,
    0,
    0,
    0,
    0,
    0,
    0,
    0,
    0,
    0,
    0,
    0,
    0,
    0,
    0,
    0,
    0,
    0,
    0,
    0,
    0,
    0,
    0,
    0,
    0,
    0,
    0,
    0,
    0,
    0,
    0,
    0,
    0
  ],
  "success_rate": [
    0.8,
    0.95,
    0.9333333333333333,
    0.875,
    0.82,
    0.8,
    0.7428571428571429,
    0.825,
    0.8666666666666667,
    0.81,
    0.8272727272727273,
    0.8083333333333333,
    0.8461538461538461,
    0.8571428571428571,
    0.8666666666666667,
    0.8125,
    0.8176470588235294,
    0.8555555555555555,
    0.8736842105263158,
    0.875,
    0.8666666666666667,
    0.8909090909090909,
    0.8956521739130435,
    0.8958333333333334,
    0.888,
    0.8923076923076924,
    0.8851851851851852,
    0.8642857142857143,
    0.8724137931034482,
    0.8933333333333333,
    0.896774193548387,
    0.890625,
    0.8848484848484849,
    0.8764705882352941,
    0.8714285714285714,
    0.8722222222222222,
    0.8567567567567568,
    0.8526315789473684,
    0.8564102564102564,
    0.8575,
    0.8512195121951219,
    0.85,
    0.8604651162790697,
    0.8568181818181818,
    0.8533333333333334,
    0.8630434782608696,
    0.8574468085106383,
    0.85625,
    0.8469387755102041,
    0.862
  ],
  "congestion": [
    0.01,
    0.005,
    0.01,
    0.025,
    0.045,
    0.060000000000000005,
    0.09,
    0.07,
    0.06,
    0.09499999999999999,
    0.095,
    0.11499999999999999,
    0.1,
    0.09999999999999999,
    0.1,
    0.15000000000000002,
    0.155,
    0.13,
    0.12000000000000001,
    0.125,
    0.14,
    0.12000000000000001,
    0.12000000000000001,
    0.125,
    0.14,
    0.14,
    0.15500000000000003,
    0.19,
    0.185,
    0.15999999999999998,
    0.16,
    0.175,
    0.18999999999999997,
    0.21,
    0.22499999999999998,
    0.23,
    0.265,
    0.28,
    0.28,
    0.28500000000000003,
    0.30500000000000005,
    0.315,
    0.30000000000000004,
    0.315,
    0.33,
    0.31500000000000006,
    0.33499999999999996,
    0.345,
    0.375,
    0.345
  ]
}