{
  "throughput": [
    0.5,
    0.75,
    0.75,
    0.75,
    0.75,
    1.0,
    0.75,
    0.75,
    0.25,
    0.75,
    0.5,
    0.75,
    0.75,
    0.75,
    0.75,
    0.75,
    0.75,
    0.75,
    0.5,
    0.75,
    0.75,
    0.5,
    0.75,
    0.75,
    0.75,
    0.75,
    0.5,
    0.75,
    0.75,
    0.75,
    0.5,
    0.75,
    0.5,
    0.75,
    0.5,
    0.75,
    0.75,
    0.75,
    0.5,
    0.75,
    0.75,
    0.75,
    0.5,
    0.75,
    0.5,
    0.5,
    0.5,
    0.75,
    0.5,
    0.75,
    0.75,
    0.75,
    0.75,
    0.75,
    0.75,
    0.5,
    0.75,
    0.5,
    0.75,
    0.75,
    0.5,
    0.75,
    0.5,
    0.5,
    0.75,
    0.0,
    0.5,
    0.5,
    0.5,
    0.5,
    0.75,
    0.75,
    0.5,
    0.25,
    0.25,
    0.5,
    0.75,
    0.5,
    0.5,
    0.75,
    0.5,
    0.5,
    0.5,
    0.5,
    0.5,
    0.25,
    0.5,
    0.5,
    0.5,
    0.25,
    0.5,
    0.25,
    0.5,
    0.5,
    0.25,
    0.5,
    0.5,
    0.75,
    0.5,
    0.5
  ],
  "latency": [
    12.78125,
    12.9375,
    13.1875,
    13.375,
    13.6875,
    13.84375,
    14.0625,
    14.15625,
    14.28125,
    14.40625,
    14.5625,
    14.875,
    15.15625,
    15.4375,
    15.6875,
    15.84375,
    16.1875,
    16.3125,
    16.53125,
    16.71875,
    17.0625,
    17.3125,
    17.625,
    17.96875,
    18.34375,
    18.46875,
    18.59375,
    18.875,
    19.125,
    19.3125,
    19.59375,
    19.78125,
    20.09375,
    20.21875,
    20.375,
    20.71875,
    20.9375,
    21.09375,
    21.34375,
    21.5625,
    21.90625,
    22.21875,
    22.375,
    22.59375,
    22.8125,
    23.03125,
    23.25,
    23.65625,
    23.84375,
    24.0625,
    24.25,
    24.53125,
    24.75,
    24.875,
    25.0625,
    25.375,
    25.5625,
    25.75,
    25.9375,
    26.1875,
    26.4375,
    26.6875,
    26.90625,
    27.09375,
    27.34375,
    27.75,
    28.1875,
    28.4375,
    28.71875,
    28.9375,
    29.125,
    29.25,
    29.5,
    29.71875,
    29.90625,
    30.15625,
    30.40625,
    30.75,
    30.96875,
    31.15625,
    31.46875,
    31.65625,
    31.84375,
    32.09375,
    32.3125,
    32.625,
    32.90625,
    33.125,
    33.375,
    33.53125,
    33.78125,
    34.1875,
    34.5,
    34.65625,
    34.875,
    35.15625,
    35.34375,
    35.59375,
    35.9375,
    36.25
  ],
  "energy_consumption": [
    955.75,
    2468.84,
    3388.23,
    4441.6900000000005,
    6080.66,
    7649.73,
    9052.32,
    10679.990000000002,
    11047.050000000001,
    12699.29,
    13310.92,
    14953.31,
    16056.57,
    17520.66,
    19233.96,
    20719.32,
    21831.980000000003,
    23326.25,
    24301.26,
    25521.57,
    26576.66,
    27216.09,
    29032.410000000003,
    30526.15,
    32116.070000000003,
    33340.23,
    34375.22,
    35707.600000000006,
    37086.91,
    38453.92,
    39811.55,
    41484.78,
    42576.5,
    43965.69,
    44665.53,
    46041.03,
    47477.79,
    49134.96,
    50355.36,
    51658.68,
    53116.36000000001,
    54402.89,
    55669.44,
    57475.18000000001,
    58567.310000000005,
    59580.14,
    60424.32000000001,
    61818.05,
    62765.8,
    64126.15000000001,
    65440.06,
    66825.27,
    67968.74,
    69586.94,
    70817.25,
    71727.95,
    73148.67,
    74389.35,
    76037.43,
    77704.78,
    78449.82,
    79903.31999999999,
    80711.26999999999,
    81902.76,
    82890.26,
    82890.26,
    84040.85,
    84742.56,
    85632.23,
    86589.87,
    88139.86,
    89479.94,
    90111.16,
    90645.76,
    91313.41,
    92421.08,
    93910.14,
    94764.60999999999,
    95822.09999999999,
    97314.45999999999,
    98227.72,
    99305.11,
    99987.34,
    100679.4,
    101828.66,
    102320.57999999999,
    103224.5,
    104350.38,
    105387.87,
    105697.63999999998,
    106405.45,
    106779.07,
    107297.45999999999,
    108360.01999999999,
    108591.10999999999,
    109582.26999999999,
    110386.91,
    111242.93000000001,
    111937.15999999999,
    112785.97
  ],
  "success_rate": [
    0.55,
    0.65,
    0.6333333333333333,
    0.65,
    0.62,
    0.6416666666666667,
    0.6428571428571429,
    0.66875,
    0.6777777777777778,
    0.69,
    0.6909090909090909,
    0.675,
    0.6653846153846154,
    0.6571428571428571,
    0.6533333333333333,
    0.659375,
    0.6470588235294118,
    0.6555555555555556,
    0.6552631578947369,
    0.6575,
    0.6476190476190476,
    0.6454545454545455,
    0.6391304347826087,
    0.63125,
    0.622,
    0.6288461538461538,
    0.6333333333333333,
    0.6303571428571428,
    0.6293103448275862,
    0.6316666666666667,
    0.6274193548387097,
    0.6296875,
    0.6242424242424243,
    0.6294117647058823,
    0.6314285714285715,
    0.6263888888888889,
    0.6270270270270271,
    0.6302631578947369,
    0.6282051282051282,
    0.62875,
    0.624390243902439,
    0.6214285714285714,
    0.6244186046511628,
    0.625,
    0.6244444444444445,
    0.625,
    0.624468085106383,
    0.61875,
    0.6193877551020408,
    0.62,
    0.6215686274509804,
    0.6201923076923077,
    0.620754716981132,
    0.6240740740740741,
    0.6254545454545455,
    0.6232142857142857,
    0.624561403508772,
    0.625,
    0.6262711864406779,
    0.6258333333333334,
    0.6254098360655738,
    0.625,
    0.6253968253968254,
    0.6265625,
    0.6261538461538462,
    0.6212121212121212,
    0.6164179104477612,
    0.6161764705882353,
    0.6152173913043478,
    0.6157142857142858,
    0.6169014084507042,
    0.6194444444444445,
    0.6191780821917808,
    0.6195945945945946,
    0.62,
    0.6197368421052631,
    0.6194805194805195,
    0.6173076923076923,
    0.6177215189873417,
    0.61875,
    0.6172839506172839,
    0.6176829268292683,
    0.6186746987951808,
    0.618452380952381,
    0.6188235294117647,
    0.6174418604651163,
    0.6166666666666667,
    0.6170454545454546,
    0.6168539325842697,
    0.6177777777777778,
    0.6175824175824176,
    0.6141304347826086,
    0.6129032258064516,
    0.6143617021276596,
    0.6142105263157894,
    0.6135416666666667,
    0.6139175257731959,
    0.6137755102040816,
    0.6121212121212121,
    0.611
  ],