{
  "throughput": [
    1.0,
    1.5,
    0.75,
    1.25,
    0.75,
    1.75,
    1.0,
    0.5,
    0.75,
    0.75,
    1.25,
    1.0,
    1.0,
    1.75,
    1.25,
    0.75,
    1.0,
    0.75,
    1.5,
    1.25,
    0.75,
    1.5,
    0.75,
    1.0,
    1.25,
    1.0,
    0.75,
    1.0,
    1.0,
    1.25,
    1.25,
    0.75,
    1.25,
    1.0,
    1.25,
    1.25,
    1.75,
    0.5,
    1.5,
    1.0,
    1.0,
    0.5,
    2.0,
    1.25,
    1.25,
    0.75,
    1.25,
    1.25,
    1.5,
    0.75,
    0.75,
    1.5,
    1.25,
    0.75,
    1.75,
    1.25,
    1.0,
    1.75,
    1.5,
    1.25,
    1.0,
    1.0,
    1.25,
    1.0,
    0.75,
    1.25,
    1.0,
    1.25,
    2.0,
    1.5,
    1.0,
    0.75,
    1.0,
    1.25,
    1.25,
    1.5,
    1.5,
    1.5,
    1.0,
    1.0,
    1.0,
    2.25,
    1.0,
    1.5,
    1.0,
    0.75,
    2.25,
    0.5,
    1.25,
    1.25,
    1.0,
    1.25,
    1.25,
    0.75,
    1.0,
    1.5,
    1.25,
    1.75,
    1.25,
    1.25
  ],
  "latency": [
    14.15625,
    15.53125,
    17.46875,
    19.0625,
    20.90625,
    22.71875,
    24.5625,
    26.28125,
    28.0625,
    29.6875,
    31.125000000000004,
    32.65625,
    34.3125,
    35.9375,
    37.6875,
    39.65625,
    41.3125,
    43.1875,
    44.71875,
    46.28125,
    47.84375,
    49.59375,
    51.28125,
    52.71875,
    54.53125,
    56.3125,
    58.0,
    59.90625,
    61.59375,
    63.5625,
    65.0625,
    66.6875,
    68.375,
    69.84375,
    71.40625,
    72.65625,
    74.21875,
    75.84375,
    77.53125,
    79.03125,
    80.6875,
    82.5625,
    84.15625,
    85.6875,
    87.21875,
    89.0,
    90.625,
    92.09375,
    93.46875,
    95.25,
    96.96875,
    98.5625,
    100.21875,
    102.03125,
    103.8125,
    105.28125,
    106.90625,
    108.5625,
    110.3125,
    111.90625,
    113.75,
    115.4375,
    116.84375,
    118.5,
    120.03125,
    121.71875,
    123.28125,
    124.90625,
    126.53125,
    128.125,
    129.78125,
    131.40625,
    133.0625,
    134.875,
    136.65625,
    138.21875,
    139.71875,
    141.40625,
    142.9375,
    144.625,
    146.375,
    147.84375,
    149.5,
    150.875,
    152.3125,
    153.84375,
    155.3125,
    157.03125,
    158.625,
    160.28125,
    161.8125,
    163.53125,
    165.21875,
    166.84375,
    168.625,
    170.1875,
    171.9375,
    173.59375,
    174.96875,
    176.625
  ],
  "energy_consumption": [
    1934.65,
    5500.525,
    7724.915,
    10549.905000000002,
    12185.225000000002,
    16961.775,
    20365.405000000002,
    21563.93,
    23354.740000000005,
    25103.940000000002,
    28552.545000000006,
    30748.905,
    33358.0,
    37556.295,
    40690.985,
    42637.33,
    45252.27500000001,
    47218.55499999999,
    51336.8,
    53849.395,
    55492.85,
    58891.46,
    60471.0,
    63184.025,
    65957.86,
    68114.54000000001,
    69602.15,
    71983.80500000001,
    74963.37,
    77946.11000000002,
    80383.03,
    82425.8,
    85437.775,
    87651.095,
    90410.54500000001,
    93762.39000000001,
    98141.505,
    99795.86,
    103593.92,
    106821.24500000001,
    109626.205,
    110898.775,
    117121.45500000002,
    120541.76500000001,
    123940.505,
    125819.64,
    128532.78,
    131988.69,
    135978.17,
    137790.875,
    139176.2,
    143126.55500000002,
    145905.505,
    147589.08,
    152213.04,
    155891.07,
    158500.17,
    162787.235,
    166105.89500000002,
    168963.24,
    170956.22,
    173393.6,
    176536.14500000002,
    179054.41,
    181044.97999999998,
    184632.075,
    187187.515,
    189573.54499999998,
    195366.025,
    199385.325,
    201611.005,
    203155.855,
    205600.54,
    209110.86,
    211912.56,
    216730.88,
    220038.56,
    223235.39500000002,
    225576.21,
    227534.28999999998,
    230397.825,
    235820.54,
    238158.27000000002,
    241614.8,
    244645.625,
    246890.07,
    252901.305,
    254421.35,
    258072.20500000002,
    261658.4,
    264159.295,
    267554.105,
    270547.54500000004,
    272172.745,
    274990.19,
    278773.19,
    281883.1,
    286219.27,
    289771.96499999997,
    293366.95499999996
  ],
  "success_rate": [
    0.46,
    0.49,
    0.44333333333333336,
    0.4425,
    0.432,
    0.4266666666666667,
    0.4157142857142857,
    0.415,
    0.4122222222222222,
    0.412,
    0.41909090909090907,
    0.42333333333333334,
    0.4238461538461539,
    0.42714285714285716,
    0.426,
    0.419375,
    0.42,
    0.4161111111111111,
    0.4189473684210526,
    0.4215,
    0.4228571428571429,
    0.42363636363636364,
    0.42391304347826086,
    0.4270833333333333,
    0.4268,
    0.42538461538461536,
    0.4248148148148148,
    0.42214285714285715,
    0.42137931034482756,
    0.418,
    0.4196774193548387,
    0.419375,
    0.41909090909090907,
    0.42058823529411765,
    0.42142857142857143,
    0.425,
    0.4262162162162162,
    0.425,
    0.42435897435897435,
    0.42525,
    0.4248780487804878,
    0.42238095238095236,
    0.4230232558139535,
    0.4238636363636364,
    0.4246666666666667,
    0.4232608695652174,
    0.42340425531914894,
    0.4245833333333333,
    0.42653061224489797,
    0.4256,
    0.42470588235294116,
    0.4251923076923077,
    0.42509433962264154,
    0.4237037037037037,
    0.4232727272727273,
    0.42428571428571427,
    0.4242105263157895,
    0.4244827586206897,
    0.42406779661016947,
    0.42433333333333334,
    0.42311475409836063,
    0.42274193548387096,
    0.42428571428571427,
    0.4240625,
    0.42430769230769233,
    0.4240909090909091,
    0.4243283582089552,
    0.4244117647058824,
    0.4246376811594203,
    0.425,
    0.4247887323943662,
    0.42486111111111113,
    0.4246575342465753,
    0.4239189189189189,
    0.42333333333333334,
    0.4238157894736842,
    0.42454545454545456,
    0.4247435897435897,
    0.4250632911392405,
    0.425,
    0.42444444444444446,
    0.42560975609756097,
    0.42542168674698794,
    0.42654761904761906,
    0.42717647058823527,
    0.4273255813953488,
    0.4281609195402299,
    0.42727272727272725,
    0.42741573033707864,
    0.42733333333333334,
    0.42736263736263735,
    0.4270652173913044,
    0.4268817204301075,
    0.4269148936170213,
    0.4263157894736842,
    0.4266666666666667,
    0.4262886597938144,
    0.42642857142857143,
    0.42727272727272725,
    0.4272
  ],