{
  "throughput": [
    1.0,
    0.5,
    0.5,
    0.25,
    0.5,
    0.5,
    0.5,
    1.0,
    0.5,
    0.5,
    0.25,
    0.5,
    0.5,
    0.75,
    0.25,
    0.5,
    0.25,
    0.5,
    0.5,
    0.5,
    0.5,
    0.5,
    0.5,
    0.5,
    0.5,
    0.25,
    0.75,
    0.75,
    0.5,
    0.5,
    0.75,
    0.5,
    0.75,
    0.5,
    0.75,
    0.75,
    0.5,
    0.5,
    0.5,
    0.5,
    0.75,
    0.5,
    0.5,
    0.5,
    0.5,
    0.5,
    0.25,
    0.5,
    0.75,
    0.5,
    0.5,
    0.5,
    0.5,
    0.25,
    0.25,
    0.5,
    0.5,
    0.5,
    0.25,
    0.5,
    0.25,
    0.25,
    0.75,
    0.5,
    0.25,
    0.5,
    0.5,
    0.5,
    0.5,
    0.5,
    0.5,
    0.5,
    0.5,
    0.5,
    0.5,
    0.5,
    0.75,
    0.5,
    0.75,
    0.5,
    0.5,
    0.5,
    0.5,
    0.0,
    0.5,
    0.5,
    0.5,
    0.5,
    0.5,
    0.25,
    0.5,
    0.5,
    0.5,
    0.5,
    0.5,
    0.5,
    0.5,
    0.25,
    0.5,
    0.5
  ],
  "latency": [
    13.96875,
    15.75,
    17.125,
    18.78125,
    20.40625,
    22.0,
    23.625,
    25.25,
    26.9375,
    28.28125,
    29.96875,
    31.3125,
    32.53125,
    33.90625,
    35.4375,
    37.0625,
    38.46875,
    40.125,
    41.78125,
    43.09375,
    44.53125,
    46.625,
    48.09375,
    49.5625,
    51.15625,
    52.625,
    54.28125,
    55.75,
    57.21875,
    58.71875,
    60.0,
    61.62500000000001,
    63.0625,
    64.34375,
    65.84375,
    67.625,
    68.8125,
    70.3125,
    71.8125,
    73.375,
    74.75,
    76.125,
    77.8125,
    79.21875,
    80.40625,
    81.8125,
    83.25,
    84.8125,
    86.34375,
    88.09375,
    89.6875,
    91.5,
    92.9375,
    94.28125,
    95.6875,
    96.75,
    98.125,
    99.59375,
    101.09375,
    102.59375,
    104.28125,
    105.75,
    107.34375,
    108.9375,
    110.90625,
    112.5,
    113.875,
    115.21875,
    116.625,
    118.09375,
    119.78125,
    121.15625,
    122.87499999999999,
    124.75,
    126.1875,
    127.71875,
    129.40625,
    130.5,
    131.90625,
    133.46875,
    135.03125,
    136.53125,
    138.03125,
    139.375,
    141.0,
    142.65625,
    144.15625,
    145.5625,
    147.0625,
    148.53125,
    149.9375,
    151.65625,
    153.15625,
    154.6875,
    156.25,
    157.59375,
    159.09375,
    160.78125,
    162.375,
    163.8125
  ],
  "energy_consumption": [
    1482.17,
    2584.7200000000003,
    3716.4900000000002,
    4142.160000000001,
    5075.150000000001,
    6146.770000000001,
    7134.13,
    9203.76,
    10168.669999999998,
    11449.849999999999,
    11762.349999999999,
    12336.81,
    13694.579999999998,
    15113.59,
    15683.02,
    16972.15,
    17301.21,
    18121.039999999997,
    18834.63,
    19564.62,
    20562.95,
    21579.37,
    22690.24,
    23811.91,
    24620.36,
    25273.420000000002,
    26703.399999999998,
    28285.24,
    28919.780000000002,
    29667.09,
    31296.050000000003,
    32627.420000000002,
    33968.93,
    35255.85,
    36798.17,
    38138.549999999996,
    38990.69,
    39851.590000000004,
    40824.94,
    41383.43,
    42185.95,
    43088.7,
    43852.380000000005,
    44774.41,
    45427.09,
    45987.33,
    46528.59,
    47653.979999999996,
    49401.66,
    50246.520000000004,
    51110.22,
    52053.59,
    53268.130000000005,
    53652.020000000004,
    54299.71000000001,
    55701.880000000005,
    56618.78999999999,
    57854.92999999999,
    58227.19,
    59038.34999999999,
    59713.5,
    60102.28,
    61511.59000000001,
    62714.8,
    63088.04000000001,
    63790.65000000001,
    64648.270000000004,
    65735.97,
    66638.73000000001,
    67456.32,
    68038.76000000001,
    68887.8,
    69686.11,
    70631.13,
    71724.72,
    72932.29000000001,
    74633.57,
    75492.24,
    77289.76,
    78276.95,
    79655.03000000001,
    80558.8,
    81197.47,
    81197.47,
    82270.46,
    83544.22000000002,
    84690.0,
    85340.31000000001,
    86576.95000000001,
    87055.16000000002,
    87873.52,
    88838.47000000002,
    89625.44,
    90498.16,
    91346.08,
    92314.36,
    93248.26000000001,
    93788.20000000001,
    94834.18,
    95841.70999999999
  ],
  "success_rate": [
    0.53,
    0.48,
    0.5066666666666667,
    0.495,
    0.492,
    0.49166666666666664,
    0.49,
    0.48875,
    0.4855555555555556,
    0.494,
    0.4909090909090909,
    0.4975,
    0.5061538461538462,
    0.51,
    0.5093333333333333,
    0.5075,
    0.5094117647058823,
    0.5072222222222222,
    0.5052631578947369,
    0.509,
    0.5104761904761905,
    0.5022727272727273,
    0.5034782608695653,
    0.5045833333333334,
    0.504,
    0.5042307692307693,
    0.502962962962963,
    0.5039285714285714,
    0.5044827586206897,
    0.505,
    0.5077419354838709,
    0.506875,
    0.5078787878787879,
    0.5102941176470588,
    0.5105714285714286,
    0.5083333333333333,
    0.5113513513513513,
    0.511578947368421,
    0.5117948717948718,
    0.5115,
    0.5126829268292683,
    0.5138095238095238,
    0.5125581395348837,
    0.5134090909090909,
    0.5157777777777778,
    0.5165217391304348,
    0.5170212765957447,
    0.5166666666666667,
    0.5165306122448979,
    0.515,
    0.5145098039215686,
    0.5126923076923077,
    0.5132075471698113,
    0.5140740740740741,
    0.5145454545454545,
    0.5171428571428571,
    0.5178947368421053,
    0.5181034482758621,
    0.5179661016949153,
    0.518,
    0.5168852459016393,
    0.5169354838709678,
    0.5165079365079365,
    0.51609375,
    0.5138461538461538,
    0.5134848484848484,
    0.514179104477612,
    0.515,
    0.5155072463768116,
    0.5157142857142857,
    0.5149295774647887,
    0.5155555555555555,
    0.5146575342465753,
    0.5131081081081081,
    0.5134666666666666,
    0.513421052631579,
    0.5127272727272727,
    0.5144871794871795,
    0.5149367088607595,
    0.51475,
    0.5145679012345679,
    0.5146341463414634,
    0.5146987951807229,
    0.5152380952380953,
    0.5148235294117647,
    0.5143023255813953,
    0.514367816091954,
    0.5147727272727273,
    0.5148314606741573,
    0.515,
    0.5153846153846153,
    0.5146739130434783,
    0.514731182795699,
    0.5146808510638298,
    0.5145263157894737,
    0.515,
    0.5150515463917525,
    0.5144897959183673,
    0.5142424242424243,
    0.5145
  ],