{
  "throughput": [
    0.75,
    0.5,
    0.25,
    0.25,
    0.5,
    0.5,
    0.5,
    0.5,
    0.5,
    0.5,
    0.5,
    0.5,
    0.5,
    0.5,
    0.5,
    0.5,
    0.5,
    0.5,
    0.25,
    0.5,
    0.5,
    0.25,
    0.25,
    0.5,
    0.25,
    0.5,
    0.5,
    0.5,
    0.5,
    0.5,
    0.5,
    0.5,
    0.75,
    0.5,
    0.5,
    0.5,
    0.5,
    0.5,
    0.5,
    0.5,
    0.5,
    0.25,
    0.5,
    0.5,
    0.5,
    0.5,
    0.5,
    0.25,
    0.75,
    0.5,
    0.5,
    0.5,
    0.5,
    0.25,
    0.25,
    0.5,
    0.5,
    0.25,
    0.5,
    0.5,
    0.5,
    0.5,
    0.5,
    0.5,
    0.75,
    0.25,
    0.5,
    0.5,
    0.5,
    0.5,
    0.5,
    0.5,
    0.5,
    0.5,
    0.5,
    0.5,
    0.5,
    0.5,
    0.75,
    0.5,
    0.5,
    0.5,
    0.5,
    0.5,
    0.5,
    0.5,
    0.5,
    0.5,
    0.5,
    0.75,
    0.5,
    0.5,
    0.5,
    0.5,
    0.5,
    0.75,
    0.25,
    0.5,
    0.5,
    0.25
  ],
  "latency": [
    14.093750000000002,
    15.5,
    16.9375,
    18.21875,
    19.6875,
    21.28125,
    22.96875,
    24.28125,
    26.0,
    27.5,
    28.9375,
    30.53125,
    32.1875,
    34.03125,
    35.53125,
    36.71875,
    38.375,
    40.0625,
    41.6875,
    43.03125,
    44.5625,
    45.875,
    47.40625,
    49.09375,
    50.5625,
    52.125,
    53.40625,
    54.875,
    56.375,
    57.8125,
    59.4375,
    60.875,
    62.375,
    63.96875,
    65.3125,
    66.84375,
    68.40625,
    70.0625,
    71.90625,
    73.4375,
    75.125,
    76.625,
    78.15625,
    79.59375,
    80.84375,
    82.21875,
    83.8125,
    85.6875,
    87.1875,
    88.6875,
    90.125,
    91.8125,
    93.4375,
    94.875,
    96.0625,
    97.71875,
    99.0625,
    100.59375,
    102.0,
    103.40625,
    104.71875,
    105.9375,
    107.59375,
    109.125,
    110.53125,
    112.28125,
    113.90625,
    115.34375,
    116.84375,
    118.5625,
    120.1875,
    121.75,
    123.25,
    124.65625,
    126.125,
    127.8125,
    129.40625,
    130.625,
    132.34375,
    133.8125,
    134.9375,
    136.53125,
    138.09375,
    139.53125,
    141.125,
    142.6875,
    144.375,
    145.65625,
    147.1875,
    148.59375,
    150.21875,
    151.6875,
    153.375,
    155.09375,
    156.53125,
    158.03125,
    159.34375,
    160.84375,
    162.1875,
    163.53125
  ],
  "energy_consumption": [
    992.1,
    2165.45,
    2699.96,
    2999.41,
    3865.94,
    4571.9400000000005,
    5527.32,
    6354.17,
    7171.32,
    8110.120000000001,
    8913.869999999999,
    9566.34,
    10578.6,
    11482.02,
    12315.220000000001,
    13183.59,
    13962.37,
    14538.3,
    14771.79,
    15901.69,
    17021.760000000002,
    17479.160000000003,
    17845.81,
    19101.96,
    19447.800000000003,
    20413.86,
    21554.71,
    22469.31,
    23263.46,
    24046.260000000002,
    25073.41,
    26039.29,
    27310.11,
    27973.56,
    28921.239999999998,
    29868.93,
    30742.2,
    31793.089999999997,
    33084.2,
    34019.26,
    35116.8,
    35678.6,
    36572.28,
    37341.28,
    38483.86,
    39698.62,
    40551.53,
    41154.880000000005,
    42821.32,
    43773.240000000005,
    44959.06,
    45950.350000000006,
    47067.42,
    47777.58,
    48078.2,
    49433.490000000005,
    50271.41,
    50762.54000000001,
    52102.55,
    53345.26,
    53945.03,
    54875.11,
    55757.29,
    56439.14,
    58369.14,
    58792.71000000001,
    59341.4,
    59956.84,
    61098.71,
    62159.94,
    63071.04,
    63638.09,
    64431.71,
    65501.850000000006,
    66432.06,
    67665.76000000001,
    68736.06,
    69703.94,
    70938.88,
    71685.93,
    72548.6,
    73217.77,
    74038.11000000002,
    75028.62,
    76056.78,
    76960.42000000001,
    77799.05000000002,
    79031.17000000001,
    79657.72,
    80770.01000000001,
    81742.64,
    82683.78,
    83874.26,
    84835.92,
    85598.22,
    87306.46,
    87851.04000000001,
    89029.72,
    90072.09,
    90667.09
  ],
  "success_rate": [
    0.49,
    0.52,
    0.52,
    0.535,
    0.534,
    0.5266666666666666,
    0.5171428571428571,
    0.525,
    0.5166666666666667,
    0.517,
    0.519090909090909,
    0.5166666666666667,
    0.5130769230769231,
    0.5057142857142857,
    0.5066666666666667,
    0.51375,
    0.5111764705882353,
    0.5083333333333333,
    0.5068421052631579,
    0.51,
    0.51,
    0.5127272727272727,
    0.5121739130434783,
    0.51,
    0.5108,
    0.5103846153846154,
    0.5133333333333333,
    0.5139285714285714,
    0.5141379310344828,
    0.515,
    0.5138709677419355,
    0.5146875,
    0.5148484848484849,
    0.5141176470588236,
    0.5157142857142857,
    0.5155555555555555,
    0.5151351351351351,
    0.5139473684210526,
    0.5112820512820513,
    0.51125,
    0.51,
    0.51,
    0.51,
    0.5106818181818182,
    0.5126666666666667,
    0.513695652173913,
    0.5131914893617021,
    0.510625,
    0.5108163265306123,
    0.511,
    0.5115686274509804,
    0.510576923076923,
    0.51,
    0.5103703703703704,
    0.512,
    0.51125,
    0.512280701754386,
    0.5120689655172413,
    0.5127118644067796,
    0.5133333333333333,
    0.5144262295081967,
    0.5159677419354839,
    0.5152380952380953,
    0.51515625,
    0.5156923076923077,
    0.5145454545454545,
    0.5140298507462686,
    0.5144117647058823,
    0.5144927536231884,
    0.5135714285714286,
    0.5130985915492958,
    0.5129166666666667,
    0.513013698630137,
    0.5135135135135135,
    0.5137333333333334,
    0.5130263157894737,
    0.5127272727272727,
    0.513974358974359,
    0.5131645569620253,
    0.513375,
    0.5149382716049383,
    0.5146341463414634,
    0.5144578313253012,
    0.5147619047619048,
    0.5144705882352941,
    0.5143023255813953,
    0.5136781609195402,
    0.5145454545454545,
    0.5144943820224719,
    0.5148888888888888,
    0.5145054945054945,
    0.5146739130434783,
    0.5140860215053763,
    0.5134042553191489,
    0.5136842105263157,
    0.51375,
    0.5143298969072165,
    0.5143877551020408,
    0.5149494949494949,
    0.5154
  ],