{
  "throughput": [
    0.75,
    0.75,
    0.5,
    0.75,
    0.75,
    0.75,
    0.75,
    0.75,
    1.0,
    0.75,
    1.0,
    0.5,
    0.5,
    0.5,
    0.5,
    0.75,
    0.75,
    0.75,
    0.25,
    0.75,
    0.75,
    0.75,
    0.75,
    0.75,
    0.75,
    0.75,
    0.5,
    1.0,
    0.75,
    0.75,
    0.75,
    0.5,
    0.75,
    0.75,
    0.5,
    0.5,
    0.5,
    0.75,
    0.75,
    0.75,
    0.5,
    0.75,
    0.75,
    0.5,
    0.75,
    0.75,
    0.75,
    0.75,
    0.75,
    0.75,
    0.25,
    0.5,
    1.0,
    0.75,
    0.75,
    0.75,
    0.75,
    0.75,
    0.5,
    0.75,
    0.75,
    0.5,
    0.75,
    0.75,
    0.25,
    0.75,
    0.75,
    0.75,
    0.75,
    0.5,
    0.5,
    0.75,
    0.75,
    0.5,
    0.75,
    0.75,
    0.75,
    0.25,
    0.5,
    0.75,
    0.75,
    0.75,
    0.75,
    0.75,
    1.0,
    0.5,
    0.75,
    0.75,
    0.5,
    1.0,
    0.75,
    0.75,
    0.5,
    0.75,
    1.0,
    0.75,
    0.75,
    0.75,
    0.5,
    0.5
  ],
  "latency": [
    12.84375,
    13.125,
    13.5,
    13.71875,
    13.9375,
    14.1875,
    14.5,
    14.75,
    15.0,
    15.21875,
    15.4375,
    15.65625,
    15.75,
    16.125,
    16.34375,
    16.6875,
    17.03125,
    17.3125,
    17.59375,
    17.8125,
    17.90625,
    18.0625,
    18.3125,
    18.59375,
    18.90625,
    19.0625,
    19.3125,
    19.5625,
    19.78125,
    20.15625,
    20.4375,
    20.625,
    20.8125,
    21.0625,
    21.3125,
    21.53125,
    21.6875,
    21.90625,
    22.0625,
    22.375,
    22.59375,
    22.75,
    22.90625,
    23.15625,
    23.34375,
    23.59375,
    23.71875,
    23.90625,
    24.25,
    24.40625,
    24.6875,
    24.875,
    25.0625,
    25.28125,
    25.4375,
    25.65625,
    25.90625,
    26.09375,
    26.46875,
    26.65625,
    26.84375,
    27.0625,
    27.3125,
    27.5625,
    27.71875,
    27.84375,
    28.0625,
    28.375,
    28.5625,
    28.71875,
    29.0,
    29.28125,
    29.46875,
    29.75,
    30.03125,
    30.3125,
    30.53125,
    30.78125,
    31.09375,
    31.21875,
    31.46875,
    31.6875,
    31.8125,
    32.0,
    32.09375,
    32.3125,
    32.5625,
    32.78125,
    33.0,
    33.125,
    33.375,
    33.5,
    33.625,
    33.90625,
    34.125,
    34.28125,
    34.5625,
    34.71875,
    34.96875,
    35.21875
  ],
  "energy_consumption": [
    1080.88,
    2308.11,
    3168.98,
    4481.01,
    6274.219999999999,
    7612.76,
    9095.4,
    10694.59,
    12579.16,
    13437.92,
    15739.310000000001,
    16689.84,
    17748.96,
    18459.629999999997,
    19023.989999999998,
    20362.93,
    21671.1,
    23105.289999999997,
    23545.78,
    25143.940000000002,
    26688.09,
    28504.01,
    29680.960000000006,
    30954.530000000002,
    32305.83,
    33853.54,
    34782.26,
    36669.5,
    38068.31,
    39868.83,
    41420.92,
    42697.66,
    43831.33,
    45341.62,
    46472.520000000004,
    47765.25,
    48400.99,
    50013.28,
    51681.46,
    53167.630000000005,
    53779.810000000005,
    55372.16,
    56713.06,
    57448.28,
    58733.99,
    59730.76,
    61038.32000000001,
    61927.16,
    63368.56,
    64473.0,
    64900.84,
    65783.62,
    67629.94,
    68650.67000000001,
    70235.65,
    71483.57,
    73034.61,
    74599.53,
    75722.61000000002,
    77300.34,
    78369.43,
    79099.70000000001,
    80243.74,
    81652.57,
    82023.43,
    83676.99,
    85294.34,
    86902.35,
    88776.83,
    89664.83,
    90853.12,
    92049.44,
    93564.27,
    94621.8,
    96099.64,
    97296.72,
    98930.69000000002,
    99211.16,
    99714.09000000001,
    101633.97,
    103013.28,
    104147.84,
    105586.97,
    107195.09,
    108868.84000000001,
    110081.45,
    111377.19,
    113040.54999999999,
    114146.4,
    115900.24000000002,
    117507.35,
    118903.59,
    119475.85,
    120962.06,
    122548.91,
    124086.35,
    125518.65000000002,
    126979.5,
    127865.06000000001,
    128911.11000000002
  ],
  "success_rate": [
    0.45,
    0.5,
    0.45,
    0.5,
    0.53,
    0.5416666666666666,
    0.5357142857142857,
    0.54375,
    0.55,
    0.56,
    0.5681818181818182,
    0.5708333333333333,
    0.5884615384615385,
    0.575,
    0.5766666666666667,
    0.56875,
    0.5617647058823529,
    0.5611111111111111,
    0.5578947368421052,
    0.5625,
    0.5761904761904761,
    0.5840909090909091,
    0.5847826086956521,
    0.5833333333333334,
    0.58,
    0.5865384615384616,
    0.5851851851851851,
    0.5857142857142857,
    0.5879310344827586,
    0.5816666666666667,
    0.5806451612903226,
    0.584375,
    0.5878787878787879,
    0.5882352941176471,
    0.5885714285714285,
    0.5888888888888889,
    0.5932432432432433,
    0.5947368421052631,
    0.5987179487179487,
    0.59625,
    0.5975609756097561,
    0.6011904761904762,
    0.6046511627906976,
    0.6034090909090909,
    0.6055555555555555,
    0.6054347826086957,
    0.6095744680851064,
    0.6104166666666667,
    0.6071428571428571,
    0.61,
    0.6068627450980392,
    0.6086538461538461,
    0.6103773584905661,
    0.6111111111111112,
    0.6136363636363636,
    0.6142857142857143,
    0.6140350877192983,
    0.6155172413793103,
    0.6110169491525423,
    0.6125,
    0.6139344262295082,
    0.614516129032258,
    0.6142857142857143,
    0.6140625,
    0.6146153846153846,
    0.6174242424242424,
    0.6179104477611941,
    0.6161764705882353,
    0.6173913043478261,
    0.6185714285714285,
    0.6169014084507042,
    0.6159722222222223,
    0.6171232876712329,
    0.6162162162162163,
    0.6153333333333333,
    0.6144736842105263,
    0.6149350649350649,
    0.6134615384615385,
    0.6120253164556962,
    0.614375,
    0.6141975308641975,
    0.6146341463414634,
    0.6168674698795181,
    0.6178571428571429,
    0.6205882352941177,
    0.6203488372093023,
    0.6201149425287357,
    0.6204545454545455,
    0.6202247191011236,
    0.6222222222222222,
    0.621978021978022,
    0.6239130434782608,
    0.6258064516129033,
    0.625,
    0.6252631578947369,
    0.6265625,
    0.6257731958762887,
    0.6270408163265306,
    0.6262626262626263,
    0.6255
  ],