{
  "throughput": [
    0.5,
    0.75,
    0.75,
    0.5,
    0.75,
    0.75,
    0.75,
    0.75,
    0.75,
    0.5,
    0.75,
    0.5,
    1.0,
    0.75,
    0.75,
    0.75,
    0.75,
    0.5,
    0.5,
    0.5,
    0.5,
    0.75,
    0.5,
    0.5,
    0.5,
    0.5,
    0.25,
    0.5,
    0.25,
    0.5,
    0.5,
    0.75,
    0.5,
    0.5,
    0.75,
    0.5,
    0.75,
    0.5,
    0.5,
    0.5,
    0.5,
    0.5,
    0.75,
    0.5,
    0.75,
    0.75,
    0.75,
    0.75,
    1.0,
    0.75,
    0.75,
    0.75,
    0.5,
    0.75,
    0.75,
    0.75,
    0.75,
    0.75,
    0.75,
    0.75,
    0.75,
    0.75,
    0.75,
    0.75,
    0.75,
    0.75,
    0.75,
    0.75,
    0.75,
    0.5,
    0.75,
    0.75,
    0.75,
    0.75,
    0.5,
    0.75,
    1.0,
    0.75,
    0.75,
    0.75,
    0.75,
    0.75,
    0.75,
    0.75,
    1.0,
    0.75,
    0.75,
    0.75,
    0.75,
    0.75,
    0.75,
    0.5,
    0.75,
    1.0,
    0.75,
    0.75,
    0.75,
    0.75,
    0.75,
    1.0
  ],
  "latency": [
    11.787500000000001,
    12.33125,
    12.95625,
    13.41875,
    13.73125,
    14.256250000000001,
    14.7875,
    15.299999999999999,
    15.775,
    16.25625,
    16.625,
    17.20625,
    17.725,
    18.193749999999998,
    18.85,
    19.25,
    19.69375,
    19.9875,
    20.562499999999996,
    21.00625,
    21.5875,
    22.1375,
    22.66875,
    23.231250000000003,
    23.650000000000002,
    23.9625,
    24.424999999999997,
    24.987499999999997,
    25.431250000000002,
    25.69375,
    26.11875,
    26.4375,
    26.9125,
    27.63125,
    28.243750000000002,
    28.768749999999997,
    29.3625,
    29.85,
    30.21875,
    30.450000000000003,
    30.9875,
    31.525,
    32.075,
    32.4625,
    32.8625,
    33.43125,
    33.74375,
    34.18125,
    34.4625,
    34.9625,
    35.4,
    35.912499999999994,
    36.29375,
    36.84375,
    37.306250000000006,
    37.73125,
    38.25,
    38.7375,
    39.3375,
    39.65625,
    40.075,
    40.51875,
    40.88125,
    41.19375,
    41.56875,
    42.137499999999996,
    42.74375,
    43.1375,
    43.375,
    43.712500000000006,
    44.231249999999996,
    44.6375,
    45.14375,
    45.70625,
    46.0625,
    46.375,
    46.75,
    47.38125000000001,
    47.65625,
    48.2,
    48.512499999999996,
    48.98125,
    49.39375,
    50.0,
    50.61875,
    51.1,
    51.65625,
    52.0125,
    52.6125,
    53.23125,
    53.80625,
    54.28750000000001,
    54.95625,
    55.61875,
    56.04375,
    56.556250000000006,
    57.13125,
    57.69375,
    58.325,
    58.974999999999994
  ],
  "energy_consumption": [
    2620.6000000000004,
    5596.78,
    8934.37,
    11600.7,
    14673.93,
    17284.05,
    20466.14,
    23415.11,
    26460.960000000003,
    29560.3,
    32920.729999999996,
    35515.28,
    39392.08,
    42224.3,
    44893.700000000004,
    48457.11,
    51953.94,
    54727.93000000001,
    57163.61,
    60325.14,
    63137.850000000006,
    65727.22,
    68250.56,
    70753.34999999999,
    73920.13,
    76538.75,
    78734.56000000001,
    81472.63000000002,
    83555.34000000001,
    86384.64,
    88874.07,
    92134.44,
    94750.74,
    97040.37000000001,
    99829.35,
    102229.95999999999,
    105384.06,
    108000.6,
    110756.89000000001,
    113775.53,
    116426.97,
    119162.45999999999,
    122169.91999999998,
    124917.63,
    127675.68000000001,
    130827.07999999999,
    133857.85,
    136618.87,
    140093.67,
    143513.91,
    146426.62000000002,
    149341.98,
    151997.61,
    155309.69,
    158348.64,
    161837.89,
    164920.79,
    167706.03000000003,
    170233.26,
    173117.6,
    176073.22999999998,
    179175.56,
    182424.49,
    185973.43,
    188760.5,
    191630.43000000002,
    194808.48,
    197967.88,
    201440.2,
    204510.53999999998,
    207219.69,
    210259.25000000003,
    213544.95,
    216734.18,
    219324.88,
    222724.10000000003,
    226327.03,
    229335.22,
    233179.27,
    235971.59999999998,
    239321.97999999998,
    242529.74,
    245342.59,
    248799.07,
    251673.86,
    255226.52000000002,
    258280.18,
    261248.09000000003,
    264660.85,
    267581.62,
    270730.3,
    273232.04000000004,
    276141.74,
    279552.98,
    283056.73,
    285569.83,
    288423.25,
    291237.38,
    294373.01,
    297561.3
  ],
  "success_rate": [
    0.8,
    0.805,
    0.7966666666666666,
    0.8075,
    0.822,
    0.82,
    0.82,
    0.82125,
    0.8222222222222222,
    0.822,
    0.8263636363636364,
    0.8225,
    0.8215384615384616,
    0.8221428571428572,
    0.8193333333333334,
    0.821875,
    0.8229411764705883,
    0.8272222222222222,
    0.8257894736842105,
    0.827,
    0.8257142857142857,
    0.8245454545454546,
    0.8239130434782609,
    0.8233333333333334,
    0.8248,
    0.8273076923076923,
    0.8277777777777777,
    0.8267857142857142,
    0.8275862068965517,
    0.8303333333333334,
    0.8309677419354838,
    0.8328125,
    0.833030303030303,
    0.8305882352941176,
    0.8291428571428572,
    0.8286111111111111,
    0.8275675675675676,
    0.8276315789473684,
    0.8287179487179487,
    0.831,
    0.8304878048780487,
    0.83,
    0.8295348837209302,
    0.8302272727272727,
    0.8306666666666667,
    0.83,
    0.8312765957446808,
    0.8316666666666667,
    0.8330612244897959,
    0.833,
    0.8331372549019608,
    0.8328846153846153,
    0.8333962264150944,
    0.832962962962963,
    0.8330909090909091,
    0.8333928571428572,
    0.8331578947368421,
    0.833103448275862,
    0.8323728813559322,
    0.8333333333333334,
    0.8336065573770491,
    0.8338709677419355,
    0.8344444444444444,
    0.8353125,
    0.8358461538461538,
    0.8353030303030303,
    0.8346268656716418,
    0.835,
    0.8360869565217391,
    0.8365714285714285,
    0.836338028169014,
    0.8365277777777778,
    0.8364383561643836,
    0.8358108108108108,
    0.8361333333333333,
    0.8368421052631579,
    0.8372727272727273,
    0.8364102564102565,
    0.8372151898734177,
    0.837,
    0.8376543209876544,
    0.8375609756097561,
    0.837710843373494,
    0.8371428571428572,
    0.8364705882352941,
    0.8363953488372093,
    0.8360919540229885,
    0.836590909090909,
    0.836067415730337,
    0.8355555555555556,
    0.8351648351648352,
    0.8351086956521739,
    0.8343010752688172,
    0.8336170212765958,
    0.8338947368421052,
    0.8336458333333333,
    0.8331958762886598,
    0.8329591836734694,
    0.8323232323232324,
    0.8318
  ],