{
  "throughput": [
    1.25,
    1.5,
    1.25,
    1.5,
    1.75,
    1.75,
    1.25,
    1.25,
    2.25,
    1.75,
    1.0,
    1.25,
    1.5,
    1.25,
    1.25,
    1.25,
    1.25,
    1.5,
    1.75,
    1.75,
    1.75,
    1.5,
    1.0,
    2.0,
    2.0,
    2.25,
    1.5,
    1.5,
    1.25,
    0.5,
    1.25,
    1.25,
    1.5,
    1.5,
    2.0,
    1.5,
    1.75,
    1.25,
    1.25,
    1.0,
    1.75,
    1.5,
    1.5,
    1.25,
    1.0,
    1.5,
    2.0,
    1.5,
    1.25,
    1.5,
    2.0,
    1.75,
    1.75,
    1.5,
    1.75,
    0.75,
    1.75,
    1.25,
    2.0,
    1.5,
    0.5,
    2.0,
    1.5,
    1.5,
    1.75,
    2.0,
    1.5,
    1.25,
    1.75,
    2.5,
    1.5,
    1.75,
    1.0,
    1.0,
    1.5,
    2.0,
    1.25,
    1.5,
    2.25,
    1.0,
    1.0,
    1.25,
    1.5,
    0.5,
    2.0,
    1.25,
    1.5,
    1.0,
    2.0,
    1.75,
    1.5,
    0.75,
    1.25,
    1.25,
    0.25,
    1.25,
    2.0,
    1.25,
    1.5,
    1.5
  ],
  "latency": [
    12.318750000000001,
    13.93125,
    15.275000000000002,
    16.61875,
    18.306250000000002,
    19.71875,
    21.225,
    22.518749999999997,
    23.8125,
    25.106250000000003,
    26.46875,
    27.83125,
    29.137500000000003,
    30.512500000000003,
    32.1125,
    33.73125,
    35.11875,
    36.69375,
    38.29375,
    39.9,
    41.21875,
    42.618750000000006,
    44.29375,
    45.837500000000006,
    47.58125,
    48.975,
    50.28125,
    51.65625,
    53.01875,
    54.33125,
    55.818749999999994,
    57.037499999999994,
    58.481249999999996,
    59.7375,
    61.13125,
    62.66875,
    64.175,
    65.6,
    66.89375,
    68.6,
    69.98125,
    71.4125,
    72.85625,
    74.1,
    75.35625,
    76.56875,
    77.85000000000001,
    79.31875,
    80.75625,
    82.48124999999999,
    84.14375000000001,
    85.725,
    87.2625,
    88.65,
    90.21875,
    91.7125,
    93.33749999999999,
    94.93125,
    96.23750000000001,
    97.6625,
    99.19375,
    100.64999999999999,
    101.91875000000002,
    103.525,
    104.71875,
    106.03750000000001,
    107.525,
    108.97500000000001,
    110.3625,
    111.74375,
    113.09375,
    114.39375000000001,
    115.875,
    117.275,
    118.925,
    120.43125,
    121.78750000000001,
    123.40625,
    124.79375,
    126.0625,
    127.525,
    129.0125,
    130.525,
    131.79375000000002,
    133.04375,
    134.525,
    136.08125,
    137.36875,
    138.8,
    140.07500000000002,
    141.35,
    142.75,
    144.31875,
    145.74374999999998,
    147.29375,
    148.38125000000002,
    149.60625000000002,
    151.0,
    152.38125,
    153.8125
  ],
  "energy_consumption": [
    2983.1549999999997,
    7442.115,
    10371.79,
    13524.315,
    19052.835000000003,
    24698.735,
    27658.114999999998,
    31597.68,
    38361.58,
    43723.56,
    46459.134999999995,
    50208.145000000004,
    54127.23500000001,
    57971.46000000001,
    61923.630000000005,
    66360.70499999999,
    69907.695,
    73282.88,
    78184.95499999999,
    82646.12000000001,
    88011.845,
    91813.62999999999,
    94301.485,
    99671.06000000001,
    104377.63,
    110262.675,
    115793.91500000001,
    119500.04000000001,
    123213.27,
    124391.48000000001,
    127191.535,
    130292.22,
    133408.935,
    137226.39500000002,
    142519.11,
    146278.865,
    150950.08500000002,
    154909.385,
    158109.865,
    161078.09,
    166558.92,
    170391.41,
    173618.025,
    177189.225,
    179009.48500000002,
    182037.09,
    187983.175,
    192347.815,
    196283.29,
    200329.715,
    205515.065,
    210522.40499999997,
    214684.03000000003,
    219712.42500000002,
    225071.18000000002,
    226379.135,
    230285.7,
    233573.055,
    238675.58500000002,
    242766.4,
    244006.29,
    250042.16500000004,
    254525.64500000002,
    258547.02000000002,
    263761.22,
    269506.715,
    274128.505,
    277403.66000000003,
    282421.75,
    288283.16500000004,
    291982.1,
    297041.695,
    299724.26999999996,
    301875.82499999995,
    305894.94,
    311938.095,
    315234.37,
    319418.645,
    324635.89,
    327478.055,
    330472.605,
    333501.575,
    337619.815,
    338372.345,
    344185.145,
    347480.355,
    350878.22500000003,
    353713.52,
    358933.44499999995,
    363375.06,
    367136.115,
    369796.91500000004,
    373510.72500000003,
    376508.135,
    376990.39499999996,
    381052.355,
    386972.03500000003,
    389422.93500000006,
    393975.175,
    398032.29000000004
  ],
  "success_rate": [
    0.6,
    0.5,
    0.49,
    0.4875,
    0.462,
    0.4633333333333333,
    0.46,
    0.46375,
    0.4666666666666667,
    0.468,
    0.46454545454545454,
    0.4633333333333333,
    0.4653846153846154,
    0.4635714285714286,
    0.4593333333333333,
    0.45375,
    0.45294117647058824,
    0.4483333333333333,
    0.4442105263157895,
    0.441,
    0.4423809523809524,
    0.44272727272727275,
    0.4373913043478261,
    0.43583333333333335,
    0.432,
    0.4330769230769231,
    0.4348148148148148,
    0.43464285714285716,
    0.43448275862068964,
    0.43466666666666665,
    0.4338709677419355,
    0.435,
    0.4351515151515152,
    0.43588235294117644,
    0.4362857142857143,
    0.435,
    0.43486486486486486,
    0.435,
    0.43538461538461537,
    0.433,
    0.43414634146341463,
    0.43452380952380953,
    0.43488372093023253,
    0.43568181818181817,
    0.43666666666666665,
    0.43782608695652175,
    0.43893617021276593,
    0.43854166666666666,
    0.43857142857142856,
    0.4362,
    0.43470588235294116,
    0.43288461538461537,
    0.4318867924528302,
    0.4325925925925926,
    0.432,
    0.43142857142857144,
    0.4305263157894737,
    0.42982758620689654,
    0.43050847457627117,
    0.4305,
    0.429672131147541,
    0.42935483870967744,
    0.4303174603174603,
    0.429375,
    0.43046153846153845,
    0.43136363636363634,
    0.431044776119403,
    0.4310294117647059,
    0.43144927536231886,
    0.432,
    0.4322535211267606,
    0.43277777777777776,
    0.43205479452054796,
    0.43189189189189187,
    0.43093333333333333,
    0.4305263157894737,
    0.4303896103896104,
    0.4297435897435897,
    0.430126582278481,
    0.4305,
    0.43074074074074076,
    0.4302439024390244,
    0.43,
    0.4303571428571429,
    0.43141176470588233,
    0.43116279069767444,
    0.4308045977011494,
    0.43113636363636365,
    0.43134831460674156,
    0.432,
    0.43263736263736263,
    0.43217391304347824,
    0.4313978494623656,
    0.43127659574468086,
    0.4302105263157895,
    0.43125,
    0.43195876288659796,
    0.43173469387755103,
    0.43212121212121213,
    0.432
  ],