{
  "throughput": [
    1.0,
    0.25,
    0.25,
    0.0,
    0.5,
    0.25,
    0.25,
    0.25,
    0.0,
    0.5,
    0.25,
    0.25,
    0.25,
    0.25,
    0.25,
    0.25,
    0.0,
    0.25,
    0.25,
    0.5,
    0.25,
    0.5,
    0.25,
    0.25,
    0.25,
    0.25,
    0.25,
    0.0,
    0.25,
    0.25,
    0.25,
    0.25,
    0.25,
    0.25,
    0.0,
    0.75,
    0.5,
    0.5,
    0.25,
    0.5,
    0.25,
    0.5,
    0.5,
    0.25,
    0.75,
    0.5,
    0.5,
    0.5,
    0.5,
    0.5,
    0.75,
    0.5,
    0.5,
    0.75,
    0.5,
    0.25,
    0.5,
    0.5,
    0.5,
    0.5,
    0.5,
    0.5,
    0.5,
    0.5,
    0.25,
    0.5,
    0.5,
    0.5,
    0.5,
    0.5,
    0.5,
    0.5,
    0.5,
    0.25,
    0.5,
    0.5,
    0.5,
    0.5,
    0.5,
    0.5,
    0.25,
    0.75,
    0.5,
    0.25,
    0.5,
    0.5,
    0.5,
    0.5,
    0.5,
    0.5,
    0.5,
    0.5,
    0.5,
    0.25,
    0.5,
    0.5,
    0.25,
    0.5,
    0.75,
    0.5
  ],
  "latency": [
    13.28125,
    14.03125,
    14.65625,
    15.09375,
    15.625,
    16.21875,
    16.90625,
    17.625,
    18.40625,
    19.15625,
    19.75,
    20.3125,
    21.09375,
    21.53125,
    22.28125,
    22.875,
    23.46875,
    24.3125,
    24.90625,
    25.46875,
    26.03125,
    26.46875,
    27.0625,
    27.5,
    27.90625,
    28.5,
    29.15625,
    30.0,
    30.78125,
    31.25,
    32.03125,
    32.625,
    32.96875,
    33.65625,
    34.3125,
    35.03125,
    35.6875,
    36.28125,
    36.71875,
    37.53125,
    38.28125,
    38.96875,
    39.5625,
    40.09375,
    40.875,
    41.40625,
    41.9375,
    42.5625,
    43.4375,
    44.03125,
    44.65625,
    45.125,
    45.625,
    46.3125,
    47.09375,
    47.71875,
    48.53125,
    49.125,
    49.625,
    50.34375,
    50.90625,
    51.46875,
    51.90625,
    52.59375,
    53.0625,
    53.6875,
    54.125,
    54.59375,
    55.21875,
    55.75,
    56.4375,
    56.96875,
    57.5,
    57.96875,
    58.53125,
    59.0625,
    59.75,
    60.4375,
    61.0625,
    61.46875,
    62.09375,
    62.71875,
    63.21875,
    63.78125,
    64.5,
    64.96875,
    65.5625,
    66.21875,
    66.625,
    67.40625,
    68.0625,
    68.53125,
    69.03125,
    69.59375,
    70.0625,
    70.6875,
    71.3125,
    71.75,
    72.375,
    73.0625
  ],
  "energy_consumption": [
    3291.56,
    5173.9,
    7228.6,
    9108.6,
    11332.16,
    13160.05,
    15413.69,
    17534.809999999998,
    19224.809999999998,
    21867.32,
    24174.510000000002,
    26477.910000000003,
    28657.61,
    31077.52,
    33175.72,
    35480.270000000004,
    37160.270000000004,
    39238.020000000004,
    41272.490000000005,
    44173.43,
    46611.729999999996,
    49230.45,
    51462.68,
    53585.729999999996,
    55819.119999999995,
    58139.8,
    60468.1,
    61948.1,
    63693.22,
    65609.54000000001,
    67619.68,
    69934.58,
    72426.55,
    74451.11,
    76211.11,
    78949.39,
    81353.34,
    83856.36000000002,
    85919.80000000002,
    88299.67,
    90057.57,
    92375.55,
    94977.40000000001,
    97426.82,
    100281.12,
    102786.9,
    105500.06,
    108377.38,
    110766.95000000001,
    113351.42,
    116857.46,
    119251.05,
    121903.70999999999,
    124719.65999999999,
    127039.27000000002,
    129315.47,
    131855.96,
    134275.1,
    137087.72,
    139580.3,
    141963.97999999998,
    144711.21000000002,
    147601.15,
    150261.27,
    152455.95,
    154694.12,
    157309.1,
    159719.26,
    162448.57,
    165087.65,
    167758.29,
    170428.73,
    173235.41999999998,
    175259.98,
    177931.75,
    180309.29,
    182904.46,
    185277.31,
    187715.77000000002,
    190346.26,
    192372.93,
    195000.79,
    198164.25,
    200119.84000000003,
    202570.34,
    205071.06,
    207643.58,
    210282.11,
    213497.59999999998,
    215858.58000000002,
    218493.81,
    221759.10000000003,
    224301.15000000002,
    226358.74000000002,
    229413.19,
    231989.54,
    233960.65,
    236923.55000000002,
    239999.9,
    242729.02999999997
  ],
  "success_rate": [
    0.75,
    0.755,
    0.77,
    0.7925,
    0.8,
    0.8016666666666666,
    0.7985714285714286,
    0.795,
    0.79,
    0.787,
    0.7890909090909091,
    0.7916666666666666,
    0.7884615384615384,
    0.7935714285714286,
    0.7913333333333333,
    0.7925,
    0.7929411764705883,
    0.7894444444444444,
    0.7905263157894736,
    0.792,
    0.7933333333333333,
    0.7963636363636364,
    0.7969565217391305,
    0.7995833333333333,
    0.8024,
    0.8026923076923077,
    0.8022222222222222,
    0.7996428571428571,
    0.7979310344827586,
    0.7996666666666666,
    0.7980645161290323,
    0.7984375,
    0.8012121212121213,
    0.8005882352941176,
    0.8002857142857143,
    0.7994444444444444,
    0.7991891891891892,
    0.7994736842105263,
    0.8007692307692308,
    0.79925,
    0.7980487804878049,
    0.7976190476190477,
    0.7979069767441861,
    0.798409090909091,
    0.7973333333333333,
    0.7980434782608695,
    0.7987234042553192,
    0.79875,
    0.7971428571428572,
    0.7974,
    0.7974509803921569,
    0.7984615384615384,
    0.7992452830188679,
    0.7988888888888889,
    0.798,
    0.7978571428571428,
    0.7968421052631579,
    0.7970689655172414,
    0.7977966101694915,
    0.7971666666666667,
    0.7975409836065573,
    0.7979032258064516,
    0.7988888888888889,
    0.79859375,
    0.7993846153846154,
    0.7993939393939394,
    0.8002985074626866,
    0.8010294117647059,
    0.8010144927536232,
    0.8014285714285714,
    0.8011267605633803,
    0.8015277777777777,
    0.8019178082191781,
    0.8024324324324325,
    0.8026666666666666,
    0.8030263157894737,
    0.8027272727272727,
    0.8024358974358974,
    0.8024050632911393,
    0.80325,
    0.8030864197530864,
    0.8030487804878049,
    0.8034939759036145,
    0.8035714285714286,
    0.8031764705882353,
    0.8037209302325582,
    0.8037931034482758,
    0.8036363636363636,
    0.8043820224719102,
    0.8037777777777778,
    0.8036263736263737,
    0.8041304347826087,
    0.8045161290322581,
    0.8046808510638298,
    0.8051578947368421,
    0.8051041666666666,
    0.8049484536082474,
    0.8055102040816327,
    0.8054545454545454,
    0.8052
  ],