{
  "throughput": [
    0.5,
    0.25,
    0.25,
    0.25,
    0.25,
    0.25,
    0.5,
    0.25,
    0.0,
    0.25,
    0.25,
    0.25,
    0.5,
    0.25,
    0.25,
    0.25,
    0.25,
    0.0,
    0.5,
    0.25,
    0.25,
    0.5,
    0.75,
    0.5,
    0.25,
    0.5,
    0.5,
    0.5,
    0.75,
    0.75,
    0.5,
    0.0,
    0.25,
    0.25,
    0.25,
    0.25,
    0.5,
    0.5,
    0.5,
    0.5,
    0.25,
    0.5,
    0.25,
    0.5,
    0.5,
    0.5,
    0.5,
    0.5,
    0.5,
    0.5,
    0.5,
    0.25,
    0.5,
    0.5,
    0.5,
    0.75,
    0.5,
    0.25,
    0.5,
    0.5,
    0.5,
    0.5,
    0.5,
    0.75,
    0.25,
    0.25,
    0.5,
    0.5,
    0.5,
    0.0,
    0.5,
    0.5,
    0.5,
    0.75,
    0.5,
    0.75,
    0.5,
    0.5,
    0.75,
    0.5,
    0.5,
    0.75,
    0.5,
    0.5,
    0.5,
    0.0,
    0.75,
    0.75,
    0.5,
    0.5,
    0.25,
    0.25,
    0.5,
    0.5,
    0.5,
    0.5,
    0.75,
    0.5,
    0.5,
    0.5
  ],
  "latency": [
    13.999999999999998,
    15.71875,
    17.09375,
    18.34375,
    19.71875,
    21.1875,
    22.875,
    24.25,
    25.71875,
    27.375,
    29.0,
    30.6875,
    32.28125,
    34.125,
    35.625,
    37.28125,
    38.78125,
    40.0625,
    41.53125,
    43.03125,
    44.5625,
    45.75,
    47.125,
    48.4375,
    49.84375,
    51.28125,
    52.5625,
    54.25,
    55.6875,
    57.1875,
    58.625,
    60.15625,
    61.65625,
    63.15625,
    64.5625,
    66.15625,
    67.71875,
    69.15625,
    70.53125,
    71.90625,
    73.65625,
    75.15625,
    76.75,
    78.28125,
    79.96875,
    81.5,
    82.84375,
    84.53125,
    85.96875,
    87.53125,
    88.71875,
    90.3125,
    91.6875,
    93.34375,
    94.90625,
    96.28125,
    97.625,
    99.0625,
    100.625,
    102.21875,
    103.40625000000001,
    104.8125,
    106.75,
    107.9375,
    109.53125,
    111.0625,
    112.3125,
    113.96875,
    115.3125,
    116.75,
    118.34375,
    119.90625,
    121.6875,
    123.125,
    124.78125,
    126.125,
    127.8125,
    129.5,
    130.9375,
    132.375,
    133.78125,
    135.25,
    136.625,
    138.46875,
    139.84375,
    141.15625,
    142.6875,
    144.03125,
    145.53125,
    146.875,
    148.25,
    149.46875,
    151.0625,
    152.5,
    153.90625,
    155.34375,
    156.84375,
    158.625,
    159.8125,
    161.03125
  ],
  "energy_consumption": [
    783.74,
    1244.0900000000001,
    1903.3700000000001,
    2415.62,
    2967.96,
    3514.26,
    4457.16,
    5131.7300000000005,
    5131.7300000000005,
    5499.02,
    6175.100000000001,
    6585.400000000001,
    7661.03,
    8138.39,
    8786.1,
    9205.03,
    9637.87,
    9637.87,
    10478.56,
    10785.519999999999,
    11307.26,
    12474.800000000001,
    13982.19,
    14835.28,
    15100.7,
    16253.570000000002,
    16979.8,
    17620.46,
    19145.99,
    21159.12,
    21848.54,
    21848.54,
    22242.13,
    22669.17,
    23302.88,
    23520.68,
    24339.83,
    25140.31,
    26038.210000000003,
    27305.43,
    27786.75,
    28765.380000000005,
    29012.050000000003,
    29741.500000000004,
    30526.25,
    31393.690000000002,
    32701.170000000002,
    33488.86,
    34260.350000000006,
    35211.32000000001,
    35875.21000000001,
    36579.090000000004,
    37559.05,
    38450.98,
    39623.99,
    40933.92,
    41806.47,
    42422.009999999995,
    43308.8,
    44549.909999999996,
    45741.28,
    46942.86,
    47724.2,
    48901.56,
    49267.619999999995,
    49769.869999999995,
    51004.62,
    52188.32,
    53179.37,
    53179.37,
    54439.81,
    55802.97,
    56652.02,
    57916.86000000001,
    58584.049999999996,
    59649.76,
    60414.52000000001,
    61021.14000000001,
    61980.380000000005,
    62854.390000000014,
    64031.55,
    65526.43000000001,
    66867.42000000001,
    67543.29000000001,
    68157.73,
    68157.73,
    70101.41,
    71240.47,
    72317.23,
    73202.35,
    73435.7,
    73865.56999999999,
    74956.42,
    75830.19,
    76840.37999999999,
    78077.56999999999,
    79666.09,
    80711.26000000001,
    81514.73000000001,
    82455.3
  ],
  "success_rate": [
    0.52,
    0.485,
    0.51,
    0.5325,
    0.538,
    0.5366666666666666,
    0.5257142857142857,
    0.53,
    0.5288888888888889,
    0.523,
    0.519090909090909,
    0.5141666666666667,
    0.5123076923076924,
    0.505,
    0.506,
    0.50375,
    0.5047058823529412,
    0.5083333333333333,
    0.5094736842105263,
    0.5095,
    0.5095238095238095,
    0.5145454545454545,
    0.5165217391304348,
    0.5191666666666667,
    0.5204,
    0.5211538461538462,
    0.5237037037037037,
    0.5214285714285715,
    0.5220689655172414,
    0.522,
    0.5225806451612903,
    0.521875,
    0.5218181818181818,
    0.5217647058823529,
    0.5225714285714286,
    0.5216666666666666,
    0.5210810810810811,
    0.521578947368421,
    0.5225641025641026,
    0.5235,
    0.5214634146341464,
    0.5211904761904762,
    0.5204651162790698,
    0.5202272727272728,
    0.5188888888888888,
    0.518695652173913,
    0.5195744680851064,
    0.5183333333333333,
    0.5187755102040816,
    0.5184,
    0.5203921568627451,
    0.5196153846153846,
    0.520188679245283,
    0.5192592592592593,
    0.5189090909090909,
    0.5196428571428572,
    0.5205263157894737,
    0.5208620689655172,
    0.5205084745762711,
    0.52,
    0.5216393442622951,
    0.5220967741935484,
    0.5198412698412699,
    0.52140625,
    0.5209230769230769,
    0.5207575757575758,
    0.5219402985074627,
    0.5211764705882352,
    0.5218840579710144,
    0.5218571428571429,
    0.5214084507042254,
    0.5211111111111111,
    0.5198630136986301,
    0.5201351351351351,
    0.5194666666666666,
    0.5201315789473684,
    0.5193506493506493,
    0.5185897435897436,
    0.5188607594936708,
    0.519125,
    0.5195061728395062,
    0.5196341463414634,
    0.5201204819277109,
    0.5188095238095238,
    0.5192941176470588,
    0.5197674418604651,
    0.5196551724137931,
    0.5202272727272728,
    0.5202247191011236,
    0.5207777777777778,
    0.5210989010989011,
    0.5219565217391304,
    0.5216129032258064,
    0.5218085106382979,
    0.5221052631578947,
    0.5222916666666667,
    0.5222680412371135,
    0.5213265306122449,
    0.5223232323232323,
    0.5232
  ],