{
  "throughput": [
    1.0,
    1.25,
    2.0,
    1.5,
    1.75,
    1.25,
    1.0,
    2.0,
    1.5,
    1.75,
    2.0,
    1.5,
    1.25,
    1.75,
    1.75,
    1.5,
    1.75,
    1.5,
    1.75,
    2.0,
    1.25,
    1.25,
    1.75,
    1.75,
    1.25,
    1.5,
    1.5,
    2.25,
    2.0,
    1.0,
    1.25,
    2.0,
    1.0,
    2.0,
    1.75,
    1.0,
    1.75,
    1.25,
    1.5,
    1.75,
    1.75,
    1.75,
    2.0,
    1.25,
    1.75,
    1.75,
    1.5,
    1.25,
    1.5,
    1.25,
    1.0,
    1.0,
    2.0,
    1.5,
    1.25,
    1.25,
    1.5,
    1.5,
    1.25,
    0.75,
    1.0,
    1.0,
    1.25,
    1.5,
    1.0,
    2.25,
    1.5,
    1.5,
    1.75,
    0.75,
    1.5,
    1.5,
    1.25,
    1.25,
    1.25,
    1.75,
    1.5,
    0.75,
    1.25,
    1.5,
    1.25,
    1.25,
    1.75,
    1.5,
    1.25,
    1.0,
    1.25,
    2.25,
    1.25,
    1.5,
    0.75,
    1.0,
    1.0,
    1.25,
    1.0,
    1.75,
    1.0,
    1.0,
    1.25,
    1.25
  ],
  "latency": [
    12.76875,
    14.38125,
    15.806250000000002,
    17.25625,
    18.69375,
    20.0125,
    21.44375,
    22.856250000000003,
    24.393749999999997,
    25.69375,
    27.137500000000003,
    28.86875,
    30.6125,
    32.18125,
    33.724999999999994,
    35.20625,
    36.60625,
    38.19375,
    39.6125,
    41.11875,
    42.5,
    43.9,
    45.431250000000006,
    46.6875,
    48.34375,
    49.574999999999996,
    51.25,
    52.28125,
    53.85625,
    55.4625,
    56.9875,
    58.50625,
    59.824999999999996,
    61.48125,
    62.80625,
    64.15625,
    65.775,
    67.20625000000001,
    68.7875,
    70.36875,
    71.65,
    73.23125,
    74.74375,
    76.1375,
    77.42500000000001,
    79.15625,
    80.6,
    82.04375,
    83.7,
    85.1625,
    86.68125,
    88.1375,
    89.81875,
    91.4375,
    93.03125,
    94.63125,
    96.0,
    97.44375,
    98.98750000000001,
    100.35,
    102.10624999999999,
    103.55625,
    105.075,
    106.68125,
    108.2375,
    109.76875,
    110.95,
    112.4,
    114.0875,
    115.5,
    117.025,
    118.24375,
    119.6375,
    121.28125,
    123.00625,
    124.53125,
    126.24375,
    127.8,
    129.1375,
    130.61874999999998,
    132.0625,
    133.45,
    134.84375,
    136.54375,
    138.0875,
    139.59375,
    141.39375,
    142.78125,
    144.25625,
    145.8875,
    147.44375,
    148.90625,
    150.78125,
    152.46875,
    154.03125,
    155.56875,
    156.99374999999998,
    158.325,
    159.96875,
    161.3375
  ],
  "energy_consumption": [
    2228.55,
    5749.895,
    10266.68,
    14128.09,
    18290.145,
    21092.395000000004,
    23627.635000000002,
    27266.559999999998,
    30612.210000000003,
    35138.8,
    39902.090000000004,
    43236.04,
    46463.92,
    50236.0,
    54586.26,
    58932.57,
    63655.46000000001,
    67712.155,
    71679.76,
    76495.68000000001,
    79361.145,
    82392.425,
    86407.965,
    90026.88,
    92961.41,
    96322.29,
    99948.29000000001,
    105285.245,
    111258.635,
    113203.04500000001,
    115881.08,
    119892.365,
    122051.705,
    126289.46500000001,
    129739.87500000001,
    131375.76499999998,
    136402.40500000003,
    139181.505,
    142622.23,
    146675.97499999998,
    151411.77999999997,
    155404.63,
    160068.825,
    163313.19500000004,
    168481.73500000002,
    172452.425,
    175488.725,
    178422.775,
    181876.445,
    184793.375,
    186556.53000000003,
    188575.34,
    194325.515,
    197917.18999999997,
    200255.26000000004,
    202867.22,
    205953.075,
    209909.525,
    212281.08,
    213669.28000000003,
    216294.25,
    218362.81999999998,
    221520.00999999998,
    225295.47000000003,
    227159.28,
    232463.325,
    235491.94,
    238935.455,
    243205.11500000002,
    244562.28,
    246993.85500000004,
    250946.27500000002,
    254367.78499999997,
    256790.995,
    258827.155,
    262434.915,
    265779.445,
    267123.15499999997,
    270410.74,
    274151.88,
    277099.29500000004,
    280159.875,
    283929.145,
    287286.915,
    290008.175,
    292473.71,
    295605.23,
    299849.375,
    303191.865,
    307158.16500000004,
    308352.835,
    310179.27,
    312218.805,
    314997.88,
    316995.83499999996,
    321642.36,
    323726.97500000003,
    326059.25,
    328594.52999999997,
    330650.73
  ],
  "success_rate": [
    0.45,
    0.42,
    0.44,
    0.44,
    0.452,
    0.46,
    0.4585714285714286,
    0.4625,
    0.46,
    0.465,
    0.4672727272727273,
    0.45666666666666667,
    0.4469230769230769,
    0.44357142857142856,
    0.44066666666666665,
    0.44,
    0.4411764705882353,
    0.43777777777777777,
    0.43894736842105264,
    0.4395,
    0.44047619047619047,
    0.44045454545454543,
    0.43956521739130433,
    0.4425,
    0.44,
    0.44346153846153846,
    0.4411111111111111,
    0.44642857142857145,
    0.44517241379310346,
    0.44366666666666665,
    0.44290322580645164,
    0.4425,
    0.44333333333333336,
    0.4414705882352941,
    0.4422857142857143,
    0.44305555555555554,
    0.44135135135135134,
    0.44157894736842107,
    0.44076923076923075,
    0.44,
    0.4419512195121951,
    0.44166666666666665,
    0.4418604651162791,
    0.44181818181818183,
    0.44355555555555554,
    0.4415217391304348,
    0.44170212765957445,
    0.441875,
    0.44081632653061226,
    0.441,
    0.4403921568627451,
    0.44,
    0.43943396226415093,
    0.4387037037037037,
    0.4381818181818182,
    0.4375,
    0.43842105263157893,
    0.4386206896551724,
    0.4383050847457627,
    0.4385,
    0.4367213114754098,
    0.4364516129032258,
    0.43603174603174605,
    0.435625,
    0.43523076923076925,
    0.4356060606060606,
    0.43716417910447763,
    0.43720588235294117,
    0.43623188405797103,
    0.43614285714285717,
    0.43591549295774645,
    0.43722222222222223,
    0.43767123287671234,
    0.437027027027027,
    0.436,
    0.43605263157894736,
    0.4351948051948052,
    0.4346153846153846,
    0.43518987341772153,
    0.435,
    0.4351851851851852,
    0.4353658536585366,
    0.43578313253012047,
    0.4351190476190476,
    0.4350588235294118,
    0.43453488372093024,
    0.43333333333333335,
    0.43420454545454545,
    0.4341573033707865,
    0.43366666666666664,
    0.4332967032967033,
    0.43326086956521737,
    0.4318279569892473,
    0.4309574468085106,
    0.4306315789473684,
    0.43041666666666667,
    0.43051546391752576,
    0.4310204081632653,
    0.4305050505050505,
    0.4309
  ],