{
  "throughput": [
    1.5,
    2.0,
    1.75,
    1.5,
    1.0,
    1.25,
    1.5,
    1.0,
    1.0,
    1.0,
    0.75,
    0.75,
    1.5,
    1.0,
    1.0,
    1.75,
    1.75,
    1.5,
    1.0,
    1.0,
    1.0,
    0.75,
    1.5,
    0.75,
    1.25,
    1.0,
    0.75,
    1.75,
    1.5,
    1.5,
    2.0,
    1.5,
    1.0,
    1.5,
    1.5,
    1.25,
    1.75,
    1.25,
    1.75,
    1.25,
    1.5,
    1.25,
    2.25,
    1.0,
    1.25,
    1.5,
    1.25,
    1.5,
    1.5,
    1.25,
    2.25,
    0.75,
    1.0,
    1.25,
    1.0,
    1.25,
    1.75,
    1.5,
    0.75,
    1.5,
    1.5,
    1.5,
    1.25,
    0.75,
    1.5,
    1.25,
    1.5,
    1.0,
    1.0,
    1.0,
    1.5,
    1.25,
    1.0,
    2.0,
    1.75,
    0.25,
    1.0,
    1.5,
    1.5,
    1.0,
    1.25,
    1.0,
    0.75,
    1.0,
    1.25,
    1.25,
    2.0,
    1.75,
    1.5,
    2.0,
    1.75,
    0.75,
    2.25,
    1.25,
    2.0,
    1.25,
    1.0,
    1.0,
    1.5,
    1.5
  ],
  "latency": [
    13.90625,
    15.40625,
    16.9375,
    18.46875,
    19.90625,
    21.4375,
    23.125,
    24.84375,
    26.3125,
    27.84375,
    29.71875,
    31.4375,
    33.25,
    35.03125,
    36.6875,
    38.34375,
    39.90625,
    41.65625,
    43.25,
    44.90625,
    46.65625,
    48.28125,
    49.875,
    51.4375,
    53.0625,
    54.5,
    56.1875,
    57.78125,
    59.25,
    60.9375,
    62.6875,
    64.5625,
    66.40625,
    67.9375,
    69.84375,
    71.78125,
    73.5,
    75.0625,
    76.75,
    78.375,
    80.125,
    82.125,
    83.53125,
    85.0,
    86.65625,
    88.375,
    89.9375,
    91.46875,
    92.9375,
    94.6875,
    96.65625,
    98.09375,
    99.5,
    101.3125,
    103.03125,
    104.53125,
    106.15625,
    107.625,
    109.125,
    110.90625,
    112.40625,
    113.84375,
    115.4375,
    117.46875,
    119.0625,
    120.65625,
    122.1875,
    123.90625,
    125.5,
    127.25,
    128.90625,
    130.5,
    132.125,
    133.9375,
    135.75,
    137.65625,
    139.34375,
    141.1875,
    143.03125,
    144.875,
    146.34375,
    148.0625,
    149.65625,
    151.34375,
    153.03125,
    154.6875,
    156.25,
    158.1875,
    159.875,
    161.3125,
    163.3125,
    164.625,
    166.21875,
    167.84375,
    169.40625,
    171.125,
    172.71875,
    174.34375,
    176.125,
    178.0
  ],
  "energy_consumption": [
    3782.6150000000002,
    8666.015,
    12816.125,
    16176.445,
    18255.84,
    20580.785,
    24179.68,
    26652.525000000005,
    28898.77,
    31581.945000000003,
    33032.935000000005,
    35132.07,
    37602.130000000005,
    39644.695,
    42703.409999999996,
    48194.565,
    53398.08,
    57541.345,
    59808.020000000004,
    61189.935,
    64167.26,
    65946.145,
    69957.655,
    71639.635,
    74001.925,
    76671.195,
    78086.67,
    81860.25,
    85482.505,
    89514.845,
    95178.49,
    99351.36499999999,
    101712.3,
    105792.35,
    109210.855,
    111889.97000000002,
    116121.375,
    119155.735,
    122505.49999999999,
    125795.485,
    129448.62000000001,
    131815.37,
    138075.03999999998,
    140096.22999999998,
    143337.865,
    146742.92500000002,
    149537.385,
    153592.06,
    157191.125,
    159746.94,
    165257.84000000003,
    166803.185,
    169515.54,
    173129.375,
    174967.88999999998,
    178236.135,
    182584.195,
    186907.09499999997,
    188192.68,
    192394.12,
    196067.96500000003,
    199706.06,
    202970.08999999997,
    204462.125,
    208017.885,
    210948.84000000003,
    214540.15000000002,
    216956.83500000002,
    219085.96500000003,
    221792.36000000002,
    225419.15,
    228398.83000000002,
    231119.75,
    236457.40999999997,
    240754.25500000003,
    241053.05500000002,
    243685.625,
    246879.865,
    251271.6,
    253687.59999999998,
    256911.01000000004,
    259255.435,
    260978.52000000002,
    263879.53,
    266823.635,
    269446.66500000004,
    274765.24,
    280091.28500000003,
    284166.98,
    289126.89,
    293142.81500000006,
    294846.74000000005,
    300636.865,
    303674.075,
    307277.545,
    309924.81000000006,
    312637.42,
    315805.46499999997,
    319586.355,
    323874.20999999996
  ],
  "success_rate": [
    0.54,
    0.525,
    0.5166666666666667,
    0.51,
    0.508,
    0.5033333333333333,
    0.4942857142857143,
    0.48375,
    0.48444444444444446,
    0.483,
    0.4709090909090909,
    0.465,
    0.4584615384615385,
    0.45357142857142857,
    0.45066666666666666,
    0.45125,
    0.45235294117647057,
    0.45055555555555554,
    0.4494736842105263,
    0.4475,
    0.4442857142857143,
    0.44272727272727275,
    0.44304347826086954,
    0.4425,
    0.442,
    0.4426923076923077,
    0.44074074074074077,
    0.44142857142857145,
    0.44310344827586207,
    0.44233333333333336,
    0.44161290322580643,
    0.4390625,
    0.43636363636363634,
    0.4373529411764706,
    0.43485714285714283,
    0.43194444444444446,
    0.4316216216216216,
    0.4321052631578947,
    0.43205128205128207,
    0.432,
    0.43121951219512195,
    0.42833333333333334,
    0.43093023255813956,
    0.43136363636363634,
    0.43066666666666664,
    0.43021739130434783,
    0.4306382978723404,
    0.43145833333333333,
    0.4326530612244898,
    0.4318,
    0.4303921568627451,
    0.43115384615384617,
    0.4318867924528302,
    0.43074074074074076,
    0.43,
    0.4307142857142857,
    0.4307017543859649,
    0.4317241379310345,
    0.43203389830508476,
    0.43133333333333335,
    0.4318032786885246,
    0.43290322580645163,
    0.433015873015873,
    0.430625,
    0.4309230769230769,
    0.43106060606060603,
    0.4316417910447761,
    0.4310294117647059,
    0.4310144927536232,
    0.43057142857142855,
    0.43056338028169017,
    0.4309722222222222,
    0.4310958904109589,
    0.43067567567567566,
    0.4301333333333333,
    0.4284210526315789,
    0.4280519480519481,
    0.42756410256410254,
    0.42683544303797466,
    0.426125,
    0.4265432098765432,
    0.42609756097560975,
    0.4260240963855422,
    0.4257142857142857,
    0.4255294117647059,
    0.42546511627906974,
    0.4260919540229885,
    0.42522727272727273,
    0.4251685393258427,
    0.4262222222222222,
    0.42538461538461536,
    0.42630434782608695,
    0.4268817204301075,
    0.4269148936170213,
    0.42747368421052634,
    0.4271875,
    0.42721649484536084,
    0.42714285714285716,
    0.42676767676767674,
    0.4261
  ],