{
  "throughput": [
    0.75,
    0.5,
    0.5,
    0.5,
    0.5,
    0.5,
    0.25,
    0.25,
    0.25,
    0.5,
    0.5,
    0.5,
    0.0,
    0.5,
    0.75,
    0.5,
    0.5,
    0.25,
    0.5,
    0.5,
    0.5,
    0.25,
    0.5,
    0.5,
    0.5,
    0.5,
    0.5,
    0.5,
    0.75,
    0.5,
    0.5,
    0.5,
    0.5,
    0.5,
    0.5,
    0.25,
    0.5,
    0.25,
    0.5,
    0.75,
    0.5,
    0.5,
    0.25,
    0.5,
    0.0,
    0.5,
    0.25,
    0.5,
    0.5,
    0.5,
    0.5,
    0.5,
    0.5,
    0.5,
    0.5,
    0.5,
    0.5,
    0.5,
    0.5,
    0.75,
    0.5,
    0.5,
    0.5,
    0.75,
    0.5,
    0.5,
    0.25,
    0.5,
    0.5,
    0.5,
    0.5,
    0.25,
    0.5,
    0.0,
    0.5,
    0.5,
    0.5,
    0.5,
    0.5,
    0.25,
    0.5,
    0.5,
    0.5,
    0.5,
    0.5,
    0.5,
    0.5,
    0.5,
    0.25,
    0.75,
    0.5,
    0.5,
    0.5,
    0.5,
    0.5,
    0.75,
    0.5,
    0.75,
    0.5,
    0.5
  ],
  "latency": [
    12.3875,
    12.725,
    13.4,
    14.100000000000001,
    14.6375,
    15.28125,
    15.6625,
    16.14375,
    16.50625,
    16.84375,
    17.2875,
    17.7125,
    18.25625,
    18.71875,
    19.10625,
    19.925,
    20.64375,
    21.25,
    21.875,
    22.25625,
    22.700000000000003,
    23.225,
    23.84375,
    24.30625,
    24.775,
    25.18125,
    25.668750000000003,
    26.08125,
    26.625,
    27.06875,
    27.5625,
    28.0875,
    28.65,
    29.2625,
    29.6,
    30.325,
    30.5875,
    31.04375,
    31.6125,
    32.1,
    32.65,
    33.34375,
    33.75,
    34.475,
    34.825,
    35.2375,
    35.83125,
    36.18125,
    36.81875,
    37.4375,
    38.0375,
    38.40625,
    38.825,
    39.325,
    39.81875,
    40.18125,
    40.54375,
    41.1125,
    41.7375,
    42.25,
    42.725,
    43.2625,
    43.775,
    43.9875,
    44.45,
    45.05,
    45.44375,
    45.91875,
    46.275,
    46.91875,
    47.58125,
    48.1375,
    48.7125,
    49.21875,
    49.75,
    50.06875,
    50.6875,
    51.16875,
    52.0125,
    52.73125,
    53.25625,
    53.86875,
    54.4625,
    54.9875,
    55.51875,
    56.125,
    56.66875,
    57.16875,
    57.64375,
    58.16875,
    58.75,
    59.38125,
    59.95625,
    60.4375,
    60.86875,
    61.3625,
    61.91875,
    62.5,
    63.0625,
    63.61875
  ],
  "energy_consumption": [
    3042.7299999999996,
    5479.8099999999995,
    8099.469999999999,
    10730.4,
    13436.750000000002,
    15787.08,
    18209.46,
    20249.45,
    22660.940000000002,
    25289.11,
    28133.450000000004,
    30727.86,
    32467.86,
    34821.33,
    38407.9,
    40540.9,
    43156.92,
    45420.45,
    47717.32,
    50383.21,
    52742.22,
    54777.240000000005,
    57141.729999999996,
    59956.53,
    62458.78,
    64918.22,
    67271.27,
    70375.66,
    73461.96,
    76081.31,
    78575.44,
    81417.18000000001,
    83864.99,
    86087.99,
    88778.28,
    90698.86,
    93289.17,
    95260.77,
    97981.18000000001,
    100971.37,
    103907.74,
    106388.06999999999,
    108665.02,
    111266.22,
    113086.22,
    116152.93000000001,
    118405.35,
    121261.25000000001,
    123846.02,
    125927.73,
    128446.17000000001,
    131142.26,
    133686.90000000002,
    136231.46000000002,
    138591.03999999998,
    141294.40999999997,
    144174.28999999998,
    146932.37,
    149393.65000000002,
    151978.3,
    154353.84,
    156987.32,
    159318.78000000003,
    162327.12000000002,
    165058.91,
    167630.08000000002,
    169793.01,
    172876.48,
    175964.40000000002,
    178399.11000000002,
    180892.89,
    183311.61000000002,
    186136.08000000002,
    187816.08000000002,
    190421.14,
    193272.08000000002,
    196015.15000000002,
    198683.59000000003,
    201565.98,
    203700.39,
    206750.44000000003,
    208937.75000000003,
    211396.78,
    213884.32,
    216885.16,
    219317.33000000002,
    221701.11000000002,
    224534.22,
    226794.49000000002,
    229508.64,
    232176.55000000002,
    234325.33000000002,
    236884.48,
    239209.37000000002,
    241763.88,
    244620.31000000003,
    247532.92,
    250561.31000000003,
    252895.71,
    255493.11000000002
  ],
  "success_rate": [
    0.83,
    0.86,
    0.8333333333333334,
    0.815,
    0.816,
    0.81,
    0.8185714285714286,
    0.82125,
    0.8277777777777777,
    0.833,
    0.8345454545454546,
    0.8358333333333333,
    0.8338461538461538,
    0.8342857142857143,
    0.8366666666666667,
    0.829375,
    0.8247058823529412,
    0.8222222222222222,
    0.8205263157894737,
    0.823,
    0.8242857142857143,
    0.8245454545454546,
    0.8230434782608695,
    0.82375,
    0.8244,
    0.8257692307692308,
    0.8262962962962963,
    0.8275,
    0.8272413793103448,
    0.828,
    0.8280645161290323,
    0.8278125,
    0.8272727272727273,
    0.8261764705882353,
    0.8277142857142857,
    0.8255555555555556,
    0.8278378378378378,
    0.8281578947368421,
    0.8276923076923077,
    0.82775,
    0.827560975609756,
    0.825952380952381,
    0.8267441860465117,
    0.8252272727272727,
    0.826,
    0.8267391304347826,
    0.8261702127659575,
    0.8272916666666666,
    0.826530612244898,
    0.8258,
    0.8252941176470588,
    0.8261538461538461,
    0.8267924528301887,
    0.8268518518518518,
    0.8269090909090909,
    0.8278571428571428,
    0.8287719298245614,
    0.8284482758620689,
    0.8277966101694916,
    0.8278333333333333,
    0.828032786885246,
    0.8279032258064516,
    0.8277777777777777,
    0.829375,
    0.8293846153846154,
    0.828939393939394,
    0.8295522388059702,
    0.8297058823529412,
    0.8304347826086956,
    0.8297142857142857,
    0.8290140845070423,
    0.8288888888888889,
    0.8286301369863014,
    0.8283783783783784,
    0.8282666666666667,
    0.829078947368421,
    0.8285714285714286,
    0.8287179487179487,
    0.8273417721518987,
    0.8265,
    0.8264197530864198,
    0.8259756097560975,
    0.8256626506024096,
    0.825595238095238,
    0.8255294117647058,
    0.8252325581395349,
    0.8250574712643678,
    0.8251136363636363,
    0.8252808988764045,
    0.8252222222222222,
    0.824945054945055,
    0.8245652173913044,
    0.8244086021505377,
    0.8245744680851064,
    0.8248421052631579,
    0.8248958333333334,
    0.8247422680412371,
    0.8244897959183674,
    0.8243434343434344,
    0.8241
  ],