{
  "throughput": [
    1.25,
    2.0,
    2.0,
    2.25,
    2.0,
    1.5,
    2.5,
    1.5,
    1.5,
    1.5,
    1.25,
    1.25,
    1.75,
    1.75,
    2.0,
    2.0,
    2.5,
    2.25,
    1.0,
    0.75,
    1.25,
    0.75,
    1.5,
    1.5,
    1.75,
    1.75,
    1.5,
    1.75,
    1.25,
    1.25,
    2.0,
    1.75,
    1.25,
    2.0,
    1.25,
    2.25,
    0.75,
    2.25,
    1.75,
    0.75,
    1.5,
    1.25,
    2.0,
    1.5,
    1.25,
    2.0,
    1.5,
    1.0,
    1.75,
    1.0,
    1.25,
    1.0,
    2.0,
    1.25,
    1.25,
    0.75,
    1.25,
    1.5,
    1.5,
    1.5,
    1.0,
    1.75,
    0.75,
    1.75,
    1.25,
    1.75,
    1.0,
    1.5,
    1.5,
    1.5,
    1.25,
    1.25,
    1.25,
    1.25,
    1.5,
    1.25,
    1.75,
    2.0,
    1.25,
    0.75,
    1.5,
    1.25,
    1.25,
    1.25,
    1.25,
    1.5,
    1.25,
    0.75,
    1.25,
    1.0,
    1.75,
    1.25,
    1.75,
    1.75,
    2.0,
    1.0,
    2.25,
    1.75,
    1.5,
    1.25
  ],
  "latency": [
    12.49375,
    13.1625,
    14.0125,
    14.8125,
    15.79375,
    16.7875,
    17.65625,
    18.53125,
    19.306250000000002,
    19.7875,
    20.60625,
    21.41875,
    22.368750000000002,
    23.21875,
    24.06875,
    25.18125,
    25.9875,
    26.89375,
    27.65,
    28.19375,
    28.924999999999997,
    29.7625,
    30.737499999999997,
    31.4125,
    32.08125,
    33.0875,
    34.0125,
    34.75625,
    35.425,
    36.30625,
    37.2875,
    37.95,
    38.84375,
    39.8375,
    40.56875,
    41.3625,
    42.2,
    43.075,
    43.81875,
    44.59375,
    45.543749999999996,
    46.5,
    47.58125,
    48.5875,
    49.43125,
    50.1,
    51.04375,
    51.93125,
    52.88125,
    53.59375,
    54.418749999999996,
    55.1375,
    55.90625,
    56.59375,
    57.475,
    58.2875,
    59.06875,
    60.0,
    60.98125,
    61.96875,
    63.03125,
    64.04375,
    64.79375,
    65.68125,
    66.48125,
    67.0875,
    68.25625,
    68.85,
    69.6625,
    70.6,
    71.45,
    72.20625,
    72.875,
    73.74375,
    74.68125,
    75.46875,
    76.3375,
    77.24375,
    78.16875,
    79.11875,
    79.9125,
    80.88125,
    81.79375,
    82.79375,
    83.70625,
    84.64375,
    85.7125,
    86.73125,
    87.75,
    88.9,
    89.8375,
    90.70625,
    91.4125,
    92.38125,
    93.25,
    93.85,
    94.5375,
    95.525,
    96.36875,
    97.2375
  ],
  "energy_consumption": [
    2586.1800000000003,
    7841.4,
    12773.955,
    17470.655,
    23223.085,
    28503.39,
    34734.17,
    38924.245,
    42938.725,
    46643.525,
    49662.77,
    52620.315,
    57778.72,
    62612.1,
    67921.045,
    73090.27500000001,
    80439.85,
    86776.69000000002,
    89888.48,
    91366.775,
    93913.225,
    95335.285,
    98168.205,
    102426.27500000001,
    107807.84999999999,
    113190.71,
    118182.375,
    122488.915,
    125423.18500000001,
    129014.195,
    133732.0,
    137803.80000000002,
    140110.075,
    144979.305,
    147852.66499999998,
    153375.195,
    154988.76,
    159890.315,
    163510.935,
    165316.72,
    169507.53,
    172357.91,
    177123.34,
    181171.495,
    183967.075,
    189257.35,
    193688.365,
    196662.45500000002,
    201106.38999999998,
    203808.94,
    207115.895,
    209959.59999999998,
    214352.635,
    217800.4,
    220403.07,
    221862.61,
    224645.79,
    227888.665,
    231879.79499999998,
    235496.57499999998,
    238284.915,
    242660.765,
    244659.43000000002,
    249008.87000000002,
    252199.735,
    256500.86,
    259789.00000000003,
    263154.73,
    266279.01999999996,
    270187.655,
    273812.84500000003,
    277310.77,
    280659.18,
    283510.21499999997,
    287117.51,
    289548.38999999996,
    294098.075,
    299239.89999999997,
    301426.055,
    303244.865,
    306827.435,
    310445.90499999997,
    313588.515,
    317056.03,
    319776.525,
    324420.21499999997,
    327286.495,
    328387.65,
    331812.18500000006,
    333382.9,
    336686.34500000003,
    338867.355,
    343834.79,
    348203.385,
    353352.4550000001,
    356047.15,
    362108.0,
    366590.25000000006,
    369784.75,
    372718.135
  ],
  "success_rate": [
    0.76,
    0.76,
    0.7366666666666667,
    0.725,
    0.708,
    0.6883333333333334,
    0.6857142857142857,
    0.68,
    0.68,
    0.689,
    0.6845454545454546,
    0.6816666666666666,
    0.676923076923077,
    0.675,
    0.6746666666666666,
    0.66875,
    0.6705882352941176,
    0.67,
    0.6694736842105263,
    0.673,
    0.6733333333333333,
    0.6704545454545454,
    0.6673913043478261,
    0.6691666666666667,
    0.6712,
    0.6688461538461539,
    0.667037037037037,
    0.6682142857142858,
    0.6689655172413793,
    0.668,
    0.6661290322580645,
    0.6678125,
    0.6672727272727272,
    0.6661764705882353,
    0.6671428571428571,
    0.6686111111111112,
    0.6678378378378378,
    0.6684210526315789,
    0.6694871794871795,
    0.669,
    0.6680487804878049,
    0.6669047619047619,
    0.6655813953488372,
    0.665,
    0.6646666666666666,
    0.6665217391304348,
    0.6655319148936171,
    0.6647916666666667,
    0.6642857142857143,
    0.6648,
    0.6647058823529411,
    0.665,
    0.6654716981132075,
    0.6664814814814815,
    0.6665454545454546,
    0.66625,
    0.6664912280701755,
    0.6660344827586206,
    0.6654237288135593,
    0.6651666666666667,
    0.6639344262295082,
    0.6630645161290323,
    0.6631746031746032,
    0.66296875,
    0.6632307692307692,
    0.6645454545454546,
    0.6625373134328358,
    0.6639705882352941,
    0.6642028985507247,
    0.6638571428571428,
    0.6638028169014084,
    0.6641666666666667,
    0.6649315068493151,
    0.6648648648648648,
    0.6646666666666666,
    0.6648684210526316,
    0.6649350649350649,
    0.665,
    0.6646835443037975,
    0.664,
    0.664320987654321,
    0.6637804878048781,
    0.6631325301204819,
    0.6625,
    0.6621176470588235,
    0.6619767441860465,
    0.6611494252873563,
    0.6602272727272728,
    0.6595505617977528,
    0.6583333333333333,
    0.6583516483516484,
    0.6582608695652173,
    0.6590322580645162,
    0.6588297872340425,
    0.659157894736842,
    0.6598958333333333,
    0.6609278350515464,
    0.6606122448979592,
    0.6607070707070707,
    0.6605
  ],