{
  "throughput": [
    1.25,
    1.25,
    1.5,
    0.75,
    1.25,
    1.25,
    1.0,
    1.5,
    1.5,
    1.0,
    1.5,
    1.25,
    1.0,
    1.0,
    0.5,
    1.0,
    1.0,
    0.75,
    0.75,
    0.75,
    1.0,
    1.0,
    0.75,
    1.25,
    1.25,
    1.0,
    1.0,
    0.75,
    1.0,
    1.25,
    1.5,
    0.5,
    0.75,
    1.0,
    1.0,
    0.75,
    0.75,
    1.5,
    2.0,
    1.25,
    0.75,
    0.75,
    1.25,
    0.75,
    0.75,
    1.25,
    1.75,
    1.0,
    1.25,
    1.0,
    0.75,
    1.0,
    1.0,
    0.75,
    1.0,
    1.0,
    1.5,
    1.0,
    1.25,
    1.0,
    1.0,
    1.0,
    1.25,
    1.25,
    1.0,
    1.5,
    1.25,
    1.0,
    1.75,
    1.25,
    1.25,
    1.0,
    1.5,
    1.25,
    1.0,
    1.25,
    1.0,
    1.0,
    1.25,
    1.0,
    1.5,
    1.0,
    0.5,
    0.75,
    1.25,
    1.25,
    2.0,
    0.75,
    0.75,
    1.25,
    1.0,
    0.75,
    0.75,
    1.75,
    1.25,
    1.0,
    1.25,
    0.75,
    1.0,
    1.0
  ],
  "latency": [
    11.71875,
    12.59375,
    13.5,
    14.568750000000001,
    15.4875,
    16.5,
    17.29375,
    18.15,
    19.01875,
    19.90625,
    20.60625,
    21.71875,
    22.6625,
    23.543750000000003,
    24.36875,
    25.2,
    26.1625,
    27.00625,
    27.88125,
    28.8,
    29.8625,
    30.5375,
    31.6,
    32.64375,
    33.775,
    34.475,
    35.5625,
    36.625,
    37.525,
    38.381249999999994,
    39.4125,
    40.4375,
    41.3875,
    42.425,
    43.60625,
    44.575,
    45.6,
    46.25625,
    47.068749999999994,
    47.91875,
    48.800000000000004,
    49.83125,
    50.7125,
    51.71875,
    52.69375,
    53.56875,
    54.7375,
    55.975,
    57.0875,
    58.0,
    58.8625,
    59.6875,
    60.762499999999996,
    61.9125,
    62.91875,
    63.975,
    64.7625,
    65.9125,
    66.75,
    67.79375,
    68.88125,
    69.64375,
    70.8875,
    71.3875,
    72.30625,
    73.2625,
    73.9125,
    74.68125,
    75.60625,
    76.45,
    77.25,
    78.0875,
    79.20625,
    80.1,
    81.18125,
    81.74375,
    82.9,
    83.81875,
    84.83125,
    85.58125,
    86.51875,
    87.3375,
    88.41875,
    89.41875,
    90.375,
    91.1625,
    92.1,
    93.31875,
    94.2875,
    94.925,
    95.70625,
    96.3875,
    97.39375,
    98.5625,
    99.53125,
    100.4375,
    101.425,
    102.50625000000001,
    103.41875,
    104.5
  ],
  "energy_consumption": [
    3690.665,
    6391.215,
    9727.15,
    11094.36,
    13869.865,
    17279.940000000002,
    19477.2,
    23403.735,
    26472.275,
    28660.784999999996,
    31842.535000000003,
    34530.28,
    36842.634999999995,
    38961.590000000004,
    40113.97,
    42589.985,
    45144.89,
    46362.1,
    47602.04,
    48923.19,
    51382.55,
    53176.785,
    54417.88500000001,
    57158.03,
    59984.66,
    61643.135,
    63999.565,
    65410.795,
    67381.62,
    69787.16500000001,
    72714.935,
    73745.80500000001,
    75279.53499999999,
    77275.895,
    79894.85500000001,
    80986.815,
    82417.77500000001,
    85263.81,
    90464.805,
    93003.16500000001,
    94230.92500000002,
    95460.435,
    98212.125,
    99700.645,
    101096.335,
    103467.16500000001,
    107980.07,
    109810.87,
    112242.73000000001,
    114047.56,
    114939.75,
    116597.78,
    118896.075,
    120122.19499999999,
    121911.005,
    123742.695,
    127262.925,
    129192.82500000001,
    132066.99,
    133969.92,
    136255.365,
    138087.23500000002,
    140775.69999999998,
    143580.61,
    145664.96000000002,
    149434.0,
    152697.41999999998,
    154535.305,
    159358.065,
    162517.265,
    165476.575,
    167637.65000000002,
    170847.52,
    173760.245,
    176028.985,
    178315.32,
    180865.48,
    182946.16,
    185863.77,
    187439.36000000002,
    190696.29,
    192909.415,
    193725.065,
    194601.265,
    197933.755,
    200703.31,
    206284.79499999998,
    207874.495,
    208759.435,
    211892.22000000003,
    213833.245,
    215131.11500000002,
    216698.605,
    221499.35500000004,
    224753.34,
    227244.47999999998,
    230225.27000000002,
    231629.62,
    233750.31,
    236252.245
  ],
  "success_rate": [
    0.82,
    0.745,
    0.7166666666666667,
    0.685,
    0.68,
    0.6683333333333333,
    0.6728571428571428,
    0.6725,
    0.6744444444444444,
    0.673,
    0.6772727272727272,
    0.6675,
    0.6653846153846154,
    0.6635714285714286,
    0.662,
    0.661875,
    0.6605882352941177,
    0.6605555555555556,
    0.66,
    0.659,
    0.6566666666666666,
    0.6590909090909091,
    0.6560869565217391,
    0.6541666666666667,
    0.6516,
    0.6538461538461539,
    0.6514814814814814,
    0.6492857142857142,
    0.65,
    0.6513333333333333,
    0.6509677419354839,
    0.6490625,
    0.6481818181818182,
    0.6470588235294118,
    0.6448571428571429,
    0.6444444444444445,
    0.642972972972973,
    0.6455263157894737,
    0.6458974358974359,
    0.64675,
    0.6470731707317073,
    0.645952380952381,
    0.6465116279069767,
    0.6456818181818181,
    0.6451111111111111,
    0.6458695652173913,
    0.644468085106383,
    0.6422916666666667,
    0.6412244897959184,
    0.641,
    0.6409803921568628,
    0.6417307692307692,
    0.6407547169811321,
    0.6390740740740741,
    0.6385454545454545,
    0.6376785714285714,
    0.6385964912280702,
    0.6374137931034483,
    0.6383050847457628,
    0.6378333333333334,
    0.6372131147540984,
    0.6382258064516129,
    0.6366666666666667,
    0.63859375,
    0.6386153846153846,
    0.6389393939393939,
    0.6407462686567165,
    0.6417647058823529,
    0.6418840579710144,
    0.6425714285714286,
    0.6435211267605634,
    0.6440277777777778,
    0.6434246575342466,
    0.6435135135135135,
    0.6429333333333334,
    0.6447368421052632,
    0.6436363636363637,
    0.6438461538461538,
    0.6435443037974684,
    0.644375,
    0.644320987654321,
    0.6447560975609756,
    0.643855421686747,
    0.643452380952381,
    0.6429411764705882,
    0.6436046511627908,
    0.6437931034482759,
    0.6423863636363636,
    0.6421348314606742,
    0.6434444444444445,
    0.644065934065934,
    0.644891304347826,
    0.6445161290322581,
    0.6436170212765957,
    0.643578947368421,
    0.6436458333333334,
    0.6438144329896908,
    0.643265306122449,
    0.6434343434343435,
    0.6427
  ],