{
  "throughput": [
    0.25,
    0.5,
    0.75,
    1.0,
    0.75,
    0.75,
    0.75,
    0.75,
    0.75,
    0.75,
    0.5,
    0.75,
    0.75,
    0.75,
    0.5,
    0.75,
    0.75,
    1.0,
    0.75,
    0.75,
    0.75,
    0.5,
    0.75,
    0.5,
    0.75,
    0.5,
    0.75,
    0.5,
    0.75,
    1.0,
    1.0,
    0.75,
    0.75,
    0.75,
    0.75,
    0.5,
    1.0,
    0.75,
    0.75,
    0.75,
    0.5,
    0.75,
    0.5,
    0.75,
    0.75,
    1.0,
    0.75,
    1.0,
    0.25,
    0.75,
    1.0,
    0.75,
    0.75,
    0.75,
    0.75,
    0.5,
    1.0,
    0.75,
    0.75,
    0.75,
    0.75,
    0.75,
    0.75,
    0.75,
    0.5,
    0.5,
    0.75,
    0.75,
    0.5,
    0.75,
    0.5,
    0.75,
    0.75,
    0.75,
    0.5,
    0.5,
    0.75,
    0.75,
    0.75,
    0.75,
    0.75,
    0.75,
    0.75,
    0.75,
    0.75,
    0.75,
    0.5,
    0.75,
    0.75,
    0.75,
    0.75,
    0.5,
    0.75,
    0.5,
    0.75,
    0.75,
    0.5,
    0.75,
    0.75,
    0.75
  ],
  "latency": [
    12.84375,
    13.09375,
    13.25,
    13.5625,
    13.84375,
    14.15625,
    14.40625,
    14.6875,
    14.84375,
    14.96875,
    15.25,
    15.4375,
    15.59375,
    15.84375,
    16.125,
    16.375,
    16.40625,
    16.53125,
    16.84375,
    17.03125,
    17.375,
    17.71875,
    17.9375,
    18.34375,
    18.65625,
    18.875,
    19.0,
    19.3125,
    19.5,
    19.625,
    19.90625,
    20.25,
    20.375,
    20.59375,
    20.875,
    21.0625,
    21.25,
    21.53125,
    21.78125,
    22.0,
    22.125,
    22.28125,
    22.53125,
    22.6875,
    22.84375,
    23.09375,
    23.3125,
    23.46875,
    23.625,
    23.84375,
    24.125,
    24.4375,
    24.625,
    24.84375,
    25.125,
    25.40625,
    25.625,
    25.875,
    26.0,
    26.15625,
    26.375,
    26.59375,
    26.84375,
    27.0625,
    27.375,
    27.6875,
    27.96875,
    28.15625,
    28.28125,
    28.59375,
    28.78125,
    29.0625,
    29.40625,
    29.59375,
    29.78125,
    30.09375,
    30.3125,
    30.4375,
    30.53125,
    30.78125,
    30.9375,
    31.15625,
    31.40625,
    31.71875,
    31.96875,
    32.15625,
    32.28125,
    32.625,
    32.875,
    33.125,
    33.34375,
    33.5625,
    33.84375,
    34.15625,
    34.3125,
    34.46875,
    34.71875,
    34.9375,
    35.09375,
    35.21875
  ],
  "energy_consumption": [
    485.0,
    1141.87,
    2324.66,
    4186.4800000000005,
    5552.01,
    7094.52,
    8430.54,
    9944.72,
    10857.86,
    12373.060000000001,
    13257.080000000002,
    14514.460000000003,
    16164.34,
    17484.73,
    18427.62,
    20054.08,
    21128.85,
    23035.11,
    24518.27,
    26257.57,
    27973.640000000007,
    28618.36,
    29540.65,
    30548.11,
    31778.74,
    32843.8,
    34223.880000000005,
    35151.83,
    36472.0,
    38587.93000000001,
    40566.89,
    41825.91,
    43285.58,
    44560.490000000005,
    46000.0,
    46896.020000000004,
    48511.18000000001,
    49909.46,
    51549.72,
    52925.880000000005,
    53953.92,
    55275.11,
    56001.87,
    57691.54000000001,
    58689.530000000006,
    61008.299999999996,
    62275.240000000005,
    64475.24,
    65001.81,
    66101.54000000001,
    67610.07,
    68597.55,
    69677.73,
    71658.57,
    72752.13,
    73775.29000000001,
    75720.1,
    76864.99,
    78436.44,
    80115.09,
    81463.67000000001,
    82957.9,
    84103.86,
    85593.48000000001,
    86660.13,
    87978.63,
    89304.45,
    90493.12,
    91261.81999999999,
    92581.20000000001,
    93581.95000000001,
    95218.51000000001,
    96614.51999999999,
    98123.8,
    98990.88,
    99702.38,
    101313.95,
    102780.54000000001,
    104271.01000000001,
    105880.76000000001,
    107291.61,
    108520.16,
    110215.56000000001,
    111279.70000000001,
    112965.37000000002,
    114717.75,
    115586.85,
    116927.18000000001,
    118282.33,
    119547.63,
    121159.27,
    122163.36000000002,
    123241.07,
    124119.92000000001,
    125733.84,
    127390.93,
    128432.56,
    129977.26000000001,
    131458.63,
    132845.28
  ],
  "success_rate": [
    0.45,
    0.525,
    0.6,
    0.575,
    0.57,
    0.5583333333333333,
    0.5642857142857143,
    0.5625,
    0.5833333333333334,
    0.605,
    0.6,
    0.6083333333333333,
    0.6192307692307693,
    0.6178571428571429,
    0.61,
    0.609375,
    0.6264705882352941,
    0.6361111111111111,
    0.6289473684210526,
    0.6325,
    0.6238095238095238,
    0.6136363636363636,
    0.6152173913043478,
    0.6041666666666666,
    0.6,
    0.6019230769230769,
    0.6092592592592593,
    0.6053571428571428,
    0.6086206896551725,
    0.615,
    0.6129032258064516,
    0.6078125,
    0.6136363636363636,
    0.6147058823529412,
    0.6128571428571429,
    0.6138888888888889,
    0.6162162162162163,
    0.6144736842105263,
    0.6141025641025641,
    0.615,
    0.6182926829268293,
    0.6214285714285714,
    0.6197674418604651,
    0.6227272727272727,
    0.6255555555555555,
    0.625,
    0.625531914893617,
    0.628125,
    0.6285714285714286,
    0.629,
    0.6274509803921569,
    0.625,
    0.6264150943396226,
    0.6268518518518519,
    0.6254545454545455,
    0.6232142857142857,
    0.6236842105263158,
    0.6232758620689656,
    0.6262711864406779,
    0.6283333333333333,
    0.6286885245901639,
    0.6290322580645161,
    0.6285714285714286,
    0.62890625,
    0.6269230769230769,
    0.6242424242424243,
    0.6231343283582089,
    0.6242647058823529,
    0.6260869565217392,
    0.6242857142857143,
    0.6246478873239436,
    0.6236111111111111,
    0.6212328767123287,
    0.6222972972972973,
    0.6233333333333333,
    0.6217105263157895,
    0.6220779220779221,
    0.6243589743589744,
    0.6272151898734177,
    0.626875,
    0.6283950617283951,
    0.6286585365853659,
    0.6283132530120482,
    0.6267857142857143,
    0.6264705882352941,
    0.6273255813953489,
    0.628735632183908,
    0.6267045454545455,
    0.6264044943820225,
    0.6261111111111111,
    0.6263736263736264,
    0.6260869565217392,
    0.625268817204301,
    0.6239361702127659,
    0.6252631578947369,
    0.6260416666666667,
    0.6252577319587629,
    0.6255102040816326,
    0.6267676767676768,
    0.6285
  ],