{
  "throughput": [
    2.0,
    2.5,
    1.5,
    2.0,
    1.5,
    2.0,
    1.75,
    1.0,
    1.75,
    2.0,
    1.0,
    1.0,
    1.5,
    1.0,
    1.5,
    1.25,
    1.0,
    1.0,
    2.0,
    1.75,
    1.25,
    1.5,
    1.75,
    1.75,
    1.75,
    1.25,
    2.0,
    1.5,
    1.5,
    1.75,
    1.25,
    1.5,
    2.25,
    2.0,
    1.5,
    0.75,
    1.25,
    1.25,
    1.0,
    1.5,
    1.25,
    1.5,
    1.0,
    1.25,
    1.75,
    1.5,
    1.25,
    1.5,
    1.75,
    1.25,
    0.75,
    1.75,
    1.25,
    1.25,
    1.5,
    0.75,
    1.0,
    1.0,
    1.25,
    1.25,
    1.75,
    1.5,
    0.25,
    1.0,
    1.5,
    1.0,
    1.5,
    2.0,
    1.5,
    1.5,
    1.25,
    0.75,
    1.75,
    1.25,
    1.25,
    1.25,
    1.0,
    1.75,
    1.5,
    0.75,
    1.0,
    1.5,
    1.75,
    1.25,
    1.0,
    1.5,
    1.0,
    1.25,
    1.75,
    1.25,
    1.5,
    2.0,
    0.5,
    1.25,
    2.25,
    1.25,
    1.5,
    1.5,
    1.0,
    1.5
  ],
  "latency": [
    12.6,
    13.325000000000001,
    14.13125,
    15.25625,
    16.24375,
    16.91875,
    17.74375,
    18.675,
    19.74375,
    20.93125,
    21.75625,
    22.83125,
    23.70625,
    24.48125,
    25.625,
    26.69375,
    27.70625,
    28.7,
    29.625,
    30.487499999999997,
    31.03125,
    31.61875,
    32.48125,
    33.60625,
    34.5375,
    35.50625,
    36.36875,
    37.375,
    38.34375,
    39.1375,
    39.8375,
    40.725,
    41.324999999999996,
    41.83125,
    42.63125,
    43.7625,
    44.7125,
    45.74375,
    46.7875,
    47.89375,
    48.625,
    49.525,
    50.6125,
    51.2875,
    52.33125,
    53.150000000000006,
    53.9625,
    54.993750000000006,
    56.19375,
    57.125,
    58.006249999999994,
    58.9875,
    60.09375,
    61.08125,
    62.137499999999996,
    63.3125,
    64.24375,
    65.45,
    66.23125,
    67.3125,
    68.3,
    69.30625,
    70.21875,
    70.9375,
    71.99375,
    72.75625,
    73.53125,
    74.30625,
    75.2625,
    76.125,
    77.1,
    77.99375,
    78.79375,
    79.8625,
    80.88125,
    81.6375,
    82.44375000000001,
    83.19375000000001,
    84.16875,
    85.02499999999999,
    85.5125,
    86.15625,
    86.81875000000001,
    87.6875,
    88.7625,
    89.8,
    90.5625,
    91.63125,
    92.3875,
    93.0125,
    93.6625,
    94.3375,
    95.175,
    96.0625,
    96.75,
    97.5625,
    98.74375,
    99.425,
    100.275,
    101.24375
  ],
  "energy_consumption": [
    5019.57,
    11143.134999999998,
    14917.615000000002,
    20762.65,
    23876.135,
    29481.210000000003,
    34282.965,
    36257.80500000001,
    40482.92,
    45769.375,
    48285.615,
    50687.66,
    54562.85,
    56347.48,
    60226.795,
    62870.965000000004,
    65272.095,
    67006.69,
    72320.225,
    76480.99,
    79461.16,
    82997.085,
    87150.76000000001,
    90953.13,
    95200.35500000001,
    97444.78,
    102329.88000000002,
    106718.155,
    109838.91,
    113771.52000000002,
    116227.95999999999,
    120642.575,
    126020.16,
    131053.68000000001,
    134489.79,
    136063.98,
    139654.995,
    141700.80500000002,
    144006.745,
    147590.45,
    150282.48,
    153835.59,
    156050.27000000002,
    158966.68000000002,
    162707.11000000002,
    167106.51499999998,
    169654.755,
    173068.93,
    177739.74000000002,
    180424.61,
    181949.23,
    185799.105,
    188422.865,
    191606.79,
    194689.955,
    195640.215,
    197738.38,
    200226.125,
    203012.86,
    205480.445,
    210496.105,
    214519.27499999997,
    215011.09499999997,
    217825.72499999998,
    221997.27,
    225036.86,
    229595.01,
    235779.03000000003,
    238890.725,
    242323.975,
    245399.065,
    247036.04499999998,
    250806.50000000003,
    253622.80000000002,
    256574.21499999997,
    259955.06,
    262753.31,
    267742.70499999996,
    271802.46,
    273290.335,
    275419.68500000006,
    279478.30500000005,
    283213.78500000003,
    285889.98,
    288100.355,
    291234.56000000006,
    293572.39,
    296944.13,
    301020.47500000003,
    304905.945,
    309522.88,
    314844.85000000003,
    315679.34500000003,
    318798.41500000004,
    324578.4,
    326825.205,
    330371.67,
    335045.875,
    337035.56,
    340500.375
  ],
  "success_rate": [
    0.76,
    0.755,
    0.7366666666666667,
    0.7,
    0.684,
    0.695,
    0.6942857142857143,
    0.6875,
    0.6788888888888889,
    0.668,
    0.6672727272727272,
    0.6591666666666667,
    0.6592307692307692,
    0.6614285714285715,
    0.656,
    0.651875,
    0.6494117647058824,
    0.6466666666666666,
    0.6468421052631579,
    0.648,
    0.6533333333333333,
    0.6581818181818182,
    0.6578260869565218,
    0.655,
    0.6548,
    0.6534615384615384,
    0.6544444444444445,
    0.6528571428571428,
    0.6513793103448275,
    0.653,
    0.6541935483870968,
    0.6540625,
    0.6578787878787878,
    0.6620588235294118,
    0.6625714285714286,
    0.6602777777777777,
    0.66,
    0.6589473684210526,
    0.6574358974358975,
    0.65625,
    0.6578048780487805,
    0.6580952380952381,
    0.6565116279069767,
    0.6584090909090909,
    0.658,
    0.6582608695652173,
    0.658936170212766,
    0.6585416666666667,
    0.6571428571428571,
    0.6574,
    0.6574509803921569,
    0.6575,
    0.6564150943396226,
    0.6559259259259259,
    0.6552727272727272,
    0.6533928571428571,
    0.6533333333333333,
    0.6517241379310345,
    0.652542372881356,
    0.6516666666666666,
    0.6518032786885246,
    0.6516129032258065,
    0.6507936507936508,
    0.65109375,
    0.6504615384615384,
    0.6509090909090909,
    0.6516417910447762,
    0.6525,
    0.6523188405797101,
    0.6525714285714286,
    0.652112676056338,
    0.6516666666666666,
    0.6521917808219178,
    0.6513513513513514,
    0.6512,
    0.6517105263157895,
    0.6518181818181819,
    0.6523076923076923,
    0.6518987341772152,
    0.65175,
    0.6532098765432098,
    0.6539024390243903,
    0.6548192771084337,
    0.6547619047619048,
    0.6538823529411765,
    0.6533720930232558,
    0.6535632183908046,
    0.6528409090909091,
    0.6535955056179775,
    0.6544444444444445,
    0.6553846153846153,
    0.6563043478260869,
    0.6560215053763441,
    0.6558510638297872,
    0.6566315789473685,
    0.6567708333333333,
    0.6557731958762887,
    0.6563265306122449,
    0.6562626262626262,
    0.656
  ],