{
  "throughput": [
    0.25,
    0.75,
    0.75,
    0.75,
    0.75,
    0.75,
    0.75,
    0.75,
    0.5,
    0.75,
    0.5,
    0.75,
    0.75,
    0.75,
    0.75,
    0.75,
    0.75,
    1.0,
    0.75,
    0.5,
    0.75,
    0.5,
    0.5,
    0.75,
    0.25,
    0.5,
    0.5,
    0.25,
    0.5,
    0.75,
    0.75,
    0.75,
    0.75,
    0.75,
    0.75,
    0.5,
    0.5,
    0.5,
    0.5,
    0.5,
    0.25,
    0.75,
    0.5,
    0.5,
    0.5,
    0.5,
    0.5,
    0.25,
    1.0,
    0.5,
    0.5,
    0.5,
    0.5,
    0.5,
    0.25,
    0.5,
    0.5,
    0.5,
    0.5,
    0.5,
    0.25,
    0.5,
    0.75,
    0.5,
    0.5,
    0.5,
    0.25,
    0.5,
    0.5,
    0.75,
    0.5,
    0.75,
    0.5,
    0.5,
    0.5,
    0.5,
    0.5,
    0.5,
    0.5,
    0.75,
    0.5,
    0.5,
    0.25,
    0.25,
    0.5,
    0.5,
    0.5,
    0.5,
    0.25,
    0.5,
    0.5,
    0.25,
    0.5,
    0.5,
    0.5,
    0.5,
    0.5,
    0.5,
    0.5,
    0.5
  ],
  "latency": [
    14.125,
    15.375,
    16.625,
    18.0,
    19.5,
    21.21875,
    22.5,
    23.9375,
    25.40625,
    26.53125,
    28.21875,
    29.6875,
    31.343750000000004,
    32.9375,
    34.34375,
    36.0,
    37.375,
    39.03125,
    40.375,
    41.90625,
    43.15625,
    44.53125,
    45.75,
    46.84375,
    48.625,
    50.125,
    51.46875,
    53.09375,
    54.65625,
    56.1875,
    57.8125,
    59.1875,
    60.71875,
    62.0625,
    63.53125,
    65.03125,
    66.46875,
    68.28125,
    69.84375,
    71.46875,
    72.78125,
    74.03125,
    75.59375,
    76.9375,
    78.4375,
    79.8125,
    81.40625,
    82.90625,
    84.5625,
    86.28125,
    87.78125,
    89.625,
    91.25,
    92.5,
    93.96875,
    95.34375,
    96.84375,
    98.3125,
    99.65625,
    101.25,
    102.6875,
    104.09375,
    105.46875,
    106.96875,
    108.5,
    110.0,
    111.65625,
    112.96875,
    114.375,
    115.8125,
    117.46875,
    118.90625,
    120.25,
    121.84375,
    123.125,
    124.71875,
    126.34375,
    127.9375,
    129.46875,
    130.9375,
    132.3125,
    133.71875,
    135.09375,
    136.46875,
    137.71875,
    139.15625,
    140.84375,
    142.5,
    143.8125,
    145.25,
    146.84375,
    148.4375,
    149.75,
    151.375,
    152.9375,
    154.625,
    156.03125,
    157.5,
    158.78125,
    160.3125
  ],
  "energy_consumption": [
    323.44,
    1454.19,
    2862.27,
    4103.22,
    5760.4800000000005,
    7401.84,
    8546.85,
    9532.11,
    10528.08,
    12005.21,
    13249.779999999999,
    14524.92,
    16310.68,
    17805.18,
    19194.25,
    20629.73,
    21921.23,
    23771.7,
    25434.050000000003,
    26261.86,
    27362.66,
    28420.21,
    29236.03,
    30326.93,
    31022.160000000003,
    32029.17,
    32867.0,
    33192.909999999996,
    34173.619999999995,
    35753.86,
    37755.630000000005,
    39342.77,
    40978.649999999994,
    42115.0,
    43394.67,
    44350.71,
    45454.97,
    46332.69,
    47379.630000000005,
    48322.72,
    48543.020000000004,
    49744.75,
    50894.56,
    51738.780000000006,
    52622.600000000006,
    53582.899999999994,
    54506.96,
    55028.2,
    56693.22,
    57725.86,
    58806.340000000004,
    60043.73,
    60531.46000000001,
    61333.479999999996,
    61691.990000000005,
    62478.450000000004,
    63678.14,
    64633.64,
    65945.02,
    66853.44,
    67100.70999999999,
    67791.79000000001,
    69382.66,
    70440.97,
    71382.93000000001,
    72197.32999999999,
    72463.11,
    73145.79999999999,
    74023.3,
    75495.68,
    76445.5,
    77888.84,
    78493.78,
    79562.13,
    80461.13,
    81618.31999999999,
    82572.89,
    83687.61,
    84749.57999999999,
    86323.12,
    87289.02,
    88429.74,
    89063.61,
    89428.15,
    90819.05,
    91387.91,
    91991.41,
    93141.1,
    93417.74,
    94205.8,
    95195.22,
    95705.89,
    96728.48000000001,
    97582.27,
    98414.51999999999,
    99610.07,
    100466.44,
    101713.72,
    102864.69,
    103998.08
  ],
  "success_rate": [
    0.47,
    0.535,
    0.5566666666666666,
    0.5575,
    0.55,
    0.5333333333333333,
    0.5414285714285715,
    0.54,
    0.5377777777777778,
    0.548,
    0.5390909090909091,
    0.5383333333333333,
    0.5330769230769231,
    0.53,
    0.5313333333333333,
    0.5275,
    0.5294117647058824,
    0.5261111111111111,
    0.5284210526315789,
    0.5275,
    0.530952380952381,
    0.5322727272727272,
    0.5352173913043479,
    0.54,
    0.5352,
    0.5338461538461539,
    0.5348148148148149,
    0.5328571428571428,
    0.5313793103448275,
    0.5306666666666666,
    0.5290322580645161,
    0.53,
    0.5293939393939394,
    0.5305882352941177,
    0.5305714285714286,
    0.5302777777777777,
    0.5305405405405406,
    0.5276315789473685,
    0.5269230769230769,
    0.52575,
    0.526829268292683,
    0.5285714285714286,
    0.5279069767441861,
    0.5288636363636363,
    0.5286666666666666,
    0.5293478260869565,
    0.5285106382978724,
    0.5283333333333333,
    0.5271428571428571,
    0.5256,
    0.5252941176470588,
    0.5230769230769231,
    0.5222641509433962,
    0.5237037037037037,
    0.5236363636363637,
    0.5242857142857142,
    0.5242105263157895,
    0.5243103448275862,
    0.5250847457627119,
    0.5245,
    0.5245901639344263,
    0.525,
    0.5255555555555556,
    0.52546875,
    0.5252307692307693,
    0.5251515151515151,
    0.5243283582089552,
    0.5251470588235294,
    0.5255072463768116,
    0.5257142857142857,
    0.5249295774647887,
    0.5251388888888889,
    0.5257534246575343,
    0.5252702702702703,
    0.5261333333333333,
    0.5256578947368421,
    0.525064935064935,
    0.5246153846153846,
    0.5244303797468355,
    0.5245,
    0.5249382716049382,
    0.5252439024390244,
    0.5256626506024097,
    0.525952380952381,
    0.5268235294117647,
    0.5269767441860466,
    0.5262068965517241,
    0.5255681818181818,
    0.5261797752808989,
    0.5263333333333333,
    0.5259340659340659,
    0.5254347826086957,
    0.5260215053763441,
    0.5255319148936171,
    0.5252631578947369,
    0.5245833333333333,
    0.5248453608247423,
    0.5248979591836734,
    0.5255555555555556,
    0.5254
  ],