{
  "throughput": [
    0.0,
    0.0,
    0.0,
    0.0,
    0.25,
    0.25,
    0.25,
    0.25,
    0.25,
    0.0
  ],
  "latency": [
    11.875,
    11.875,
    11.875,
    11.875,
    11.875,
    11.95625,
    11.95,
    12.00625,
    12.00625,
    12.05625
  ],
  "energy_consumption": [
    100.0,
    200.0,
    300.0,
    400.0,
    1100.24,
    1518.24,
    2147.0699999999997,
    2751.79,
    3257.24,
    3317.24
  ],
  "success_rate": [
    1.0,
    1.0,
    1.0,
    1.0,
    1.0,
    0.9,
    0.9142857142857143,
    0.875,
    0.8888888888888888,
    0.86
  ],
  "congestion": [
    0.0,
    0.0,
    0.0,
    0.0,
    0.0,
    0.07955372765066934,
    0.037972859865250876,
    0.05906004127466398,
    0.05993095339302523,
    0.08805362389622437
  ]
}