{
  "throughput": [
    0.0,
    1.5,
    0.75,
    0.75,
    1.25,
    0.75,
    1.5,
    2.0,
    0.5,
    1.5
  ],
  "latency": [
    52.5,
    51.25,
    53.75,
    56.25,
    56.25,
    58.75,
    57.5,
    53.75,
    57.5,
    56.25
  ],
  "energy_consumption": [
    0,
    0,
    0,
    0,
    0,
    0,
    0,
    0,
    0,
    0
  ],
  "success_rate": [
    0.6,
    0.9,
    0.8,
    0.75,
    0.8,
    0.7666666666666667,
    0.8285714285714286,
    0.925,
    0.8666666666666667,
    0.9
  ],
  "congestion": [
    0.01,
    0.005,
    0.015,
    0.025,
    0.025,
    0.034999999999999996,
    0.03,
    0.015,
    0.03,
    0.025
  ]
}