{
  "throughput": [
    0.25,
    0.25,
    0.25,
    0.5,
    0.25
  ],
  "latency": [
    12.5,
    12.53125,
    12.53125,
    12.53125,
    12.53125
  ],
  "energy_consumption": [
    70.0,
    670.87,
    1182.65,
    1242.65,
    1547.53
  ],
  "success_rate": [
    1.0,
    0.8333333333333334,
    0.7777777777777778,
    0.75,
    0.7333333333333333
  ],
  "congestion": [
    0.0,
    0.012330557487443439,
    0.011833993209404453,
    0.024622523716217478,
    0.01337672288704386
  ]
}