{
  "throughput": [
    0.0,
    0.25,
    0.0,
    0.0,
    0.0
  ],
  "latency": [
    11.9375,
    11.90625,
    11.90625,
    11.90625,
    11.90625
  ],
  "energy_consumption": [
    20.0,
    90.0,
    150.0,
    190.0,
    250.0
  ],
  "success_rate": [
    0.3333333333333333,
    0.6666666666666666,
    0.7777777777777778,
    0.75,
    0.8
  ],
  "congestion": [
    0.025045796694593385,
    0.01189017575838028,
    0.012180015623804843,
    0.012592940652606913,
    0.011652489957942951
  ]
}