{
  "throughput": [
    0.0,
    0.5,
    0.16666666666666666,
    0.5,
    0.3333333333333333,
    0.3333333333333333,
    0.16666666666666666,
    0.0,
    0.3333333333333333,
    0.3333333333333333,
    0.3333333333333333,
    0.16666666666666666,
    0.16666666666666666,
    0.3333333333333333,
    0.0
  ],
  "latency": [
    11.729166666666666,
    11.6875,
    11.725,
    11.6875,
    11.708333333333334,
    11.708333333333334,
    11.6875,
    11.725,
    11.704166666666666,
    11.666666666666666,
    11.666666666666666,
    11.666666666666666,
    11.6875,
    11.683333333333332,
    11.683333333333332
  ],
  "energy_consumption": [
    80.0,
    826.6,
    1528.46,
    2744.77,
    3457.44,
    4171.67,
    4545.5,
    4595.5,
    4946.13,
    6102.47,
    6644.63,
    7026.21,
    7548.26,
    8040.55,
    8130.55
  ],
  "success_rate": [
    0.5,
    0.5625,
    0.5,
    0.5625,
    0.55,
    0.5833333333333334,
    0.5892857142857143,
    0.546875,
    0.5694444444444444,
    0.625,
    0.625,
    0.6458333333333334,
    0.6538461538461539,
    0.6517857142857143,
    0.6416666666666667
  ],
  "congestion": [
    0.02423205090493169,
    0.03647805205450623,
    0.04881282149249002,
    0.033151753452462525,
    0.04272576328667974,
    0.016308030303736797,
    0.03331272735913567,
    0.02680031649050715,
    0.04188443876589524,
    0.0,
    0.0,
    0.0,
    0.008154109632059637,
    0.00872571997760547,
    0.007538769863915278
  ]
}