{
  "throughput": [
    0.0,
    0.5625,
    0.65625,
    0.6875,
    0.5625,
    0.78125,
    0.5625,
    0.4375,
    0.59375,
    0.4375,
    0.71875,
    0.71875,
    0.78125,
    0.71875,
    0.5,
    0.6875,
    0.65625,
    0.5625,
    0.5,
    0.59375,
    0.625,
    0.625,
    0.5,
    0.875,
    0.625,
    0.53125,
    0.625,
    0.71875,
    0.53125,
    0.4375,
    0.84375,
    0.625,
    0.78125,
    0.5,
    0.65625,
    0.5,
    0.71875,
    0.46875,
    0.84375,
    0.6875,
    0.5,
    0.53125,
    0.75,
    0.6875,
    0.6875,
    0.59375,
    0.65625,
    0.5,
    0.59375,
    0.65625,
    0.5625,
    0.53125,
    0.90625,
    0.5,
    0.4375,
    0.65625,
    0.71875,
    0.71875,
    0.625,
    0.625,
    0.5625,
    0.5,
    0.71875,
    0.53125,
    0.34375,
    0.65625,
    0.71875,
    0.875,
    0.59375,
    0.65625,
    0.71875,
    0.625,
    0.59375,
    0.84375,
    0.40625,
    0.4375,
    0.6875,
    0.75,
    0.5,
    0.53125,
    0.875,
    0.71875,
    0.6875,
    0.59375,
    0.375,
    0.65625,
    0.78125,
    0.59375,
    0.625,
    0.6875,
    0.59375,
    0.65625,
    0.59375,
    0.5,
    0.4375,
    0.75,
    0.6875,
    0.53125,
    0.5,
    0.75
  ],
  "latency": [
    51.40625,
    51.71875,
    51.5625,
    51.25,
    51.5625,
    50.78125,
    51.09375,
    52.03125,
    52.1875,
    53.125,
    52.65625,
    52.1875,
    51.40625,
    50.9375,
    51.5625,
    51.25,
    51.09375,
    51.40625,
    52.03125,
    52.1875,
    52.1875,
    52.1875,
    52.8125,
    51.5625,
    51.5625,
    52.03125,
    52.03125,
    51.5625,
    52.03125,
    52.96875,
    51.875,
    51.875,
    51.09375,
    51.71875,
    51.5625,
    52.1875,
    51.71875,
    52.5,
    51.40625,
    51.09375,
    51.71875,
    52.1875,
    51.5625,
    51.25,
    50.9375,
    51.09375,
    50.9375,
    51.5625,
    51.71875,
    51.5625,
    51.875,
    52.34375,
    50.9375,
    51.5625,
    52.5,
    52.34375,
    51.875,
    51.40625,
    51.40625,
    51.40625,
    51.71875,
    52.34375,
    51.875,
    52.34375,
    53.75,
    53.59375,
    53.125,
    51.875,
    52.03125,
    51.875,
    51.40625,
    51.40625,
    51.5625,
    50.46875,
    51.5625,
    52.5,
    52.1875,
    51.5625,
    52.1875,
    52.65625,
    51.40625,
    50.9375,
    50.625,
    50.78125,
    52.03125,
    51.875,
    51.09375,
    51.25,
    51.25,
    50.9375,
    51.09375,
    50.9375,
    51.09375,
    51.71875,
    52.65625,
    52.03125,
    51.71875,
    52.1875,
    52.8125,
    52.1875
  ],
  "energy_consumption": [
    0,
    0,
    0,
    0,
    0,
    0,
    0,
    0,
    0,
    0,
    0,
    0,
    0,
    0,
    0,
    0,
    0,
    0,
    0,
    0,
    0,
    0,
    0,
    0,
    0,
    0,
    0,
    0,
    0,
    0,
    0,
    0,
    0,
    0,
    0,
    0,
    0,
    0,
    0,
    0,
    0,
    0,
    0,
    0,
    0,
    0,
    0,
    0,
    0,
    0,
    0,
    0,
    0,
    0,
    0,
    0,
    0,
    0,
    0,
    0,
    0,
    0,
    0,
    0,
    0,
    0,
    0,
    0,
    0,
    0,
    0,
    0,
    0,
    0,
    0,
    0,
    0,
    0,
    0,
    0,
    0,
    0,
    0,
    0,
    0,
    0,
    0,
    0,
    0,
    0,
    0,
    0,
    0,
    0,
    0,
    0,
    0,
    0,
    0,
    0
  ],
  "success_rate": [
    0.55,
    0.725,
    0.8333333333333334,
    0.9,
    0.9,
    0.9583333333333334,
    0.95,
    0.91875,
    0.9222222222222223,
    0.9,
    0.9227272727272727,
    0.9416666666666667,
    0.9653846153846154,
    0.9785714285714285,
    0.9666666666666667,
    0.975,
    0.9794117647058823,
    0.975,
    0.9657894736842105,
    0.965,
    0.9666666666666667,
    0.9681818181818181,
    0.9608695652173913,
    0.9791666666666666,
    0.98,
    0.975,
    0.975925925925926,
    0.9821428571428571,
    0.9775862068965517,
    0.9683333333333334,
    0.9806451612903225,
    0.98125,
    0.9893939393939394,
    0.9838235294117647,
    0.9857142857142858,
    0.9805555555555555,
    0.9851351351351352,
    0.9789473684210527,
    0.9884615384615385,
    0.99125,
    0.9865853658536585,
    0.9833333333333333,
    0.9883720930232558,
    0.990909090909091,
    0.9933333333333333,
    0.9923913043478261,
    0.9936170212765958,
    0.9895833333333334,
    0.9887755102040816,
    0.99,
    0.9882352941176471,
    0.9855769230769231,
    0.9943396226415094,
    0.9907407407407407,
    0.9854545454545455,
    0.9866071428571429,
    0.9894736842105263,
    0.9922413793103448,
    0.9923728813559322,
    0.9925,
    0.990983606557377,
    0.9879032258064516,
    0.9904761904761905,
    0.98828125,
    0.9815384615384616,
    0.9825757575757575,
    0.9850746268656716,
    0.9911764705882353,
    0.9905797101449275,
    0.9914285714285714,
    0.9936619718309859,
    0.99375,
    0.9931506849315068,
    0.9979729729729729,
    0.9933333333333333,
    0.9894736842105263,
    0.990909090909091,
    0.9935897435897436,
    0.9911392405063291,
    0.989375,
    0.9944444444444445,
    0.9963414634146341,
    0.9975903614457832,
    0.9970238095238095,
    0.9923529411764705,
    0.9930232558139535,
    0.9959770114942529,
    0.9954545454545455,
    0.9955056179775281,
    0.9966666666666667,
    0.9961538461538462,
    0.9967391304347826,
    0.9962365591397849,
    0.9941489361702127,
    0.9910526315789474,
    0.9932291666666667,
    0.9943298969072165,
    0.9928571428571429,
    0.990909090909091,
    0.993
  ],
  "congestion": [
    0.005625,
    0.006875,
    0.0062499999999999995,
    0.005,
    0.0062499999999999995,
    0.003125,
    0.0043749999999999995,
    0.008124999999999999,
    0.00875,
    0.0125,
    0.010625,
    0.008749999999999999,
    0.005625,
    0.0037500000000000003,
    0.00625,
    0.005,
    0.004375,
    0.005625,
    0.008125,
    0.00875,
    0.00875,
    0.00875,
    0.011250000000000001,
    0.0062499999999999995,
    0.0062499999999999995,
    0.008125,
    0.008124999999999999,
    0.00625,
    0.008125,
    0.011875000000000002,
    0.0075,
    0.0075,
    0.004375,
    0.006875,
    0.0062499999999999995,
    0.00875,
    0.006874999999999999,
    0.01,
    0.005625,
    0.004375,
    0.006874999999999999,
    0.00875,
    0.0062499999999999995,
    0.005,
    0.0037500000000000003,
    0.004375,
    0.0037500000000000003,
    0.0062499999999999995,
    0.006875,
    0.00625,
    0.0075,
    0.009375,
    0.00375,
    0.0062499999999999995,
    0.01,
    0.009375,
    0.0075,
    0.005624999999999999,
    0.005624999999999999,
    0.005625,
    0.006874999999999998,
    0.009375,
    0.0075,
    0.009375,
    0.014999999999999998,
    0.014375,
    0.012500000000000002,
    0.007499999999999999,
    0.008125,
    0.0075,
    0.005625000000000001,
    0.005625000000000001,
    0.0062499999999999995,
    0.001875,
    0.0062499999999999995,
    0.01,
    0.00875,
    0.0062499999999999995,
    0.00875,
    0.010625,
    0.005625,
    0.0037500000000000003,
    0.0025,
    0.003125,
    0.008125,
    0.007500000000000001,
    0.004375,
    0.005,
    0.005,
    0.0037500000000000003,
    0.004375,
    0.00375,
    0.004375,
    0.006875000000000001,
    0.010624999999999997,
    0.008124999999999999,
    0.006875,
    0.008749999999999999,
    0.01125,
    0.008749999999999999
  ]
}