{
  "throughput": [
    0.0,
    0.65625,
    0.5625,
    0.5625,
    0.53125,
    0.46875,
    0.8125,
    0.5625,
    0.5625,
    0.75,
    0.5,
    0.6875,
    0.65625,
    0.46875,
    0.5,
    0.84375,
    0.8125,
    0.46875,
    0.5,
    0.84375,
    0.59375,
    0.625,
    0.65625,
    0.59375,
    0.71875,
    0.625,
    0.3125,
    0.625,
    0.8125,
    0.6875,
    0.5,
    0.75,
    0.6875,
    0.6875,
    0.5,
    0.5,
    0.46875,
    0.65625,
    0.90625,
    0.625,
    0.5,
    0.625,
    0.46875,
    0.84375,
    0.71875,
    0.65625,
    0.59375,
    0.4375,
    0.53125,
    0.625,
    0.90625,
    0.71875,
    0.5,
    0.71875,
    0.5625,
    0.5625,
    0.53125,
    0.40625,
    0.6875,
    0.75,
    0.75,
    0.5625,
    0.625,
    0.65625,
    0.40625,
    0.8125,
    0.59375,
    0.34375,
    0.78125,
    0.71875,
    0.65625,
    0.53125,
    0.71875,
    0.8125,
    0.5625,
    0.5625,
    0.6875,
    0.53125,
    0.4375,
    0.625,
    0.46875,
    0.75,
    0.6875,
    0.78125,
    0.53125,
    0.9375,
    0.53125,
    0.46875,
    0.84375,
    0.53125,
    0.65625,
    0.59375,
    0.75,
    0.5,
    0.65625,
    0.34375,
    0.78125,
    0.6875,
    0.59375,
    0.8125
  ],
  "latency": [
    50.625,
    50.46875,
    50.78125,
    51.09375,
    51.5625,
    52.34375,
    51.40625,
    51.71875,
    52.03125,
    51.40625,
    52.03125,
    51.71875,
    51.5625,
    52.34375,
    52.96875,
    51.875,
    50.9375,
    51.71875,
    52.34375,
    51.25,
    51.40625,
    51.40625,
    51.25,
    51.40625,
    50.9375,
    50.9375,
    52.5,
    52.5,
    51.5625,
    51.25,
    51.875,
    51.25,
    50.9375,
    50.625,
    51.25,
    51.875,
    52.65625,
    52.5,
    51.09375,
    51.09375,
    51.71875,
    51.71875,
    52.5,
    51.40625,
    50.9375,
    50.78125,
    50.9375,
    51.875,
    52.34375,
    52.34375,
    50.9375,
    50.46875,
    51.09375,
    50.625,
    50.9375,
    51.25,
    51.71875,
    52.8125,
    52.5,
    51.875,
    51.25,
    51.5625,
    51.5625,
    51.40625,
    52.5,
    51.5625,
    51.71875,
    53.125,
    52.34375,
    51.875,
    51.71875,
    52.1875,
    51.71875,
    50.78125,
    51.09375,
    51.40625,
    51.09375,
    51.5625,
    52.5,
    52.5,
    53.28125,
    52.65625,
    52.34375,
    51.5625,
    52.03125,
    50.46875,
    50.9375,
    51.71875,
    50.625,
    51.09375,
    50.9375,
    51.09375,
    50.46875,
    51.09375,
    50.9375,
    52.34375,
    51.5625,
    51.25,
    51.40625,
    50.46875
  ],
  "energy_consumption": [
    0,
    0,
    0,
    0,
    0,
    0,
    0,
    0,
    0,
    0,
    0,
    0,
    0,
    0,
    0,
    0,
    0,
    0,
    0,
    0,
    0,
    0,
    0,
    0,
    0,
    0,
    0,
    0,
    0,
    0,
    0,
    0,
    0,
    0,
    0,
    0,
    0,
    0,
    0,
    0,
    0,
    0,
    0,
    0,
    0,
    0,
    0,
    0,
    0,
    0,
    0,
    0,
    0,
    0,
    0,
    0,
    0,
    0,
    0,
    0,
    0,
    0,
    0,
    0,
    0,
    0,
    0,
    0,
    0,
    0,
    0,
    0,
    0,
    0,
    0,
    0,
    0,
    0,
    0,
    0,
    0,
    0,
    0,
    0,
    0,
    0,
    0,
    0,
    0,
    0,
    0,
    0,
    0,
    0,
    0,
    0,
    0,
    0,
    0,
    0
  ],
  "success_rate": [
    0.8,
    0.925,
    0.9166666666666666,
    0.9125,
    0.9,
    0.875,
    0.9357142857142857,
    0.93125,
    0.9277777777777778,
    0.955,
    0.9409090909090909,
    0.9541666666666667,
    0.9615384615384616,
    0.9464285714285714,
    0.9366666666666666,
    0.9625,
    0.9823529411764705,
    0.9694444444444444,
    0.9605263157894737,
    0.98,
    0.9785714285714285,
    0.9795454545454545,
    0.9826086956521739,
    0.98125,
    0.988,
    0.9884615384615385,
    0.9703703703703703,
    0.9714285714285714,
    0.9827586206896551,
    0.9866666666666667,
    0.9806451612903225,
    0.9875,
    0.990909090909091,
    0.9941176470588236,
    0.9885714285714285,
    0.9833333333333333,
    0.977027027027027,
    0.9789473684210527,
    0.9910256410256411,
    0.99125,
    0.9865853658536585,
    0.986904761904762,
    0.9813953488372092,
    0.9897727272727272,
    0.9933333333333333,
    0.9945652173913043,
    0.9936170212765958,
    0.9875,
    0.9846938775510204,
    0.985,
    0.9941176470588236,
    0.9971153846153846,
    0.9933962264150943,
    0.9962962962962963,
    0.9945454545454545,
    0.9928571428571429,
    0.9903508771929824,
    0.9844827586206897,
    0.9864406779661017,
    0.99,
    0.9934426229508196,
    0.9919354838709677,
    0.9920634920634921,
    0.99296875,
    0.9876923076923076,
    0.9924242424242424,
    0.9917910447761195,
    0.9852941176470589,
    0.9891304347826086,
    0.9914285714285714,
    0.9922535211267606,
    0.9902777777777778,
    0.9924657534246575,
    0.9966216216216216,
    0.9953333333333333,
    0.9940789473684211,
    0.9954545454545455,
    0.9935897435897436,
    0.9898734177215189,
    0.99,
    0.987037037037037,
    0.9896341463414634,
    0.9909638554216867,
    0.9940476190476191,
    0.9923529411764705,
    0.9982558139534884,
    0.996551724137931,
    0.99375,
    0.9977528089887641,
    0.9961111111111111,
    0.9967032967032967,
    0.996195652173913,
    0.9983870967741936,
    0.9962765957446809,
    0.9968421052631579,
    0.9921875,
    0.9948453608247423,
    0.9959183673469387,
    0.9954545454545455,
    0.9985
  ],
  "congestion": [
    0.0025,
    0.001875,
    0.003125,
    0.004375,
    0.00625,
    0.009375,
    0.005625,
    0.006875,
    0.008125,
    0.005625000000000001,
    0.008125,
    0.006874999999999999,
    0.0062499999999999995,
    0.009375000000000001,
    0.011875,
    0.0075,
    0.0037500000000000003,
    0.006875,
    0.009374999999999998,
    0.004999999999999999,
    0.005625,
    0.005625,
    0.005,
    0.005625,
    0.0037500000000000003,
    0.0037500000000000003,
    0.01,
    0.009999999999999998,
    0.0062499999999999995,
    0.005,
    0.007500000000000001,
    0.005,
    0.0037500000000000003,
    0.0025,
    0.005,
    0.007500000000000001,
    0.010625,
    0.010000000000000002,
    0.004375,
    0.0043749999999999995,
    0.006874999999999999,
    0.006875,
    0.010000000000000002,
    0.005625,
    0.0037500000000000003,
    0.003125,
    0.0037500000000000003,
    0.0075,
    0.009375000000000001,
    0.009375,
    0.0037500000000000003,
    0.001875,
    0.004375,
    0.0025,
    0.0037500000000000003,
    0.005,
    0.006875,
    0.011250000000000001,
    0.01,
    0.0075,
    0.005,
    0.00625,
    0.00625,
    0.005625000000000001,
    0.010000000000000002,
    0.00625,
    0.006875,
    0.012499999999999999,
    0.009375,
    0.007500000000000001,
    0.006875,
    0.00875,
    0.006875,
    0.003125,
    0.004375,
    0.005624999999999999,
    0.004375,
    0.00625,
    0.01,
    0.01,
    0.013125000000000001,
    0.010625,
    0.009375,
    0.006249999999999999,
    0.008125,
    0.001875,
    0.0037500000000000003,
    0.006874999999999999,
    0.0025,
    0.004375,
    0.0037500000000000003,
    0.004375,
    0.001875,
    0.004375,
    0.00375,
    0.009375,
    0.0062499999999999995,
    0.005,
    0.005625,
    0.001875
  ]
}