{
  "simulation_config": {
    "num_shards": 32,
    "use_real_data": false,
    "use_dqn": true,
    "steps": 100,
    "transactions_per_step": 20
  },
  "transaction_stats": {
    "total_transactions": 2000,
    "successful_transactions": 1986,
    "success_rate": 0.993
  },
  "performance_metrics": {
    "avg_throughput": 0.6171875,
    "max_throughput": 0.90625,
    "min_throughput": 0.0,
    "avg_latency": 51.7625,
    "max_latency": 53.75,
    "min_latency": 50.46875,
    "avg_energy_consumption": 0.0,
    "max_energy_consumption": 0,
    "min_energy_consumption": 0,
    "avg_success_rate": 0.9726575904158616,
    "max_success_rate": 0.9979729729729729,
    "min_success_rate": 0.55,
    "avg_congestion": 0.007050000000000002,
    "max_congestion": 0.014999999999999998,
    "min_congestion": 0.001875
  },
  "module_stats": {
    "mad_rapid": {
      "total_transactions": 0,
      "optimized_transactions": 0,
      "latency_improvement": 0.0,
      "energy_saved": 0.0,
      "shard_congestion": {
        "0": 0.0,
        "1": 0.0,
        "2": 0.0,
        "3": 0.0,
        "4": 0.0,
        "5": 0.0,
        "6": 0.0,
        "7": 0.0,
        "8": 0.0,
        "9": 0.0,
        "10": 0.0,
        "11": 0.0,
        "12": 0.0,
        "13": 0.0,
        "14": 0.0,
        "15": 0.0,
        "16": 0.0,
        "17": 0.0,
        "18": 0.0,
        "19": 0.0,
        "20": 0.0,
        "21": 0.0,
        "22": 0.0,
        "23": 0.0,
        "24": 0.0,
        "25": 0.0,
        "26": 0.0,
        "27": 0.0,
        "28": 0.0,
        "29": 0.0,
        "30": 0.0,
        "31": 0.0
      },
      "shard_latency": {
        "0": 10.0,
        "1": 10.0,
        "2": 10.0,
        "3": 10.0,
        "4": 10.0,
        "5": 10.0,
        "6": 10.0,
        "7": 10.0,
        "8": 10.0,
        "9": 10.0,
        "10": 10.0,
        "11": 10.0,
        "12": 10.0,
        "13": 10.0,
        "14": 10.0,
        "15": 10.0,
        "16": 10.0,
        "17": 10.0,
        "18": 10.0,
        "19": 10.0,
        "20": 10.0,
        "21": 10.0,
        "22": 10.0,
        "23": 10.0,
        "24": 10.0,
        "25": 10.0,
        "26": 10.0,
        "27": 10.0,
        "28": 10.0,
        "29": 10.0,
        "30": 10.0,
        "31": 10.0
      }
    },
    "trust_manager": {
      "num_nodes": 0,
      "avg_trust_score": 0.0,
      "min_trust_score": 0,
      "max_trust_score": 0,
      "suspicious_nodes": 0,
      "selections_made": 0,
      "last_selection": null
    },
    "acsc": {
      "total_transactions": 1986,
      "successful_transactions": 0,
      "success_rate": 0.0,
      "total_energy": 53622.0,
      "avg_energy_per_tx": 27.0,
      "avg_latency": 5003.9100017306255,
      "strategy_usage": {
        "high_trust": 0,
        "medium_trust": 0,
        "low_trust": 1986
      },
      "strategy_percentages": {
        "high_trust": 0.0,
        "medium_trust": 0.0,
        "low_trust": 1.0
      }
    }
  }
}