{
  "throughput": [
    3.0,
    3.0,
    3.0,
    3.25,
    2.25,
    2.75,
    1.75,
    1.25,
    1.25,
    1.5,
    1.5,
    1.75,
    1.25,
    2.0,
    2.0,
    1.0,
    1.0,
    1.0,
    1.25,
    1.5,
    1.25,
    1.5,
    1.0,
    1.75,
    1.25,
    0.5,
    1.75,
    2.25,
    1.5,
    1.0,
    1.25,
    1.25,
    1.25,
    1.75,
    1.25,
    1.5,
    0.75,
    1.75,
    0.75,
    1.25,
    1.0,
    1.0,
    1.5,
    1.25,
    1.0,
    0.75,
    0.5,
    1.25,
    1.25,
    1.0,
    1.75,
    1.5,
    2.0,
    1.25,
    2.0,
    1.5,
    0.75,
    1.25,
    1.25,
    1.0,
    1.5,
    1.0,
    1.0,
    1.0,
    2.25,
    1.5,
    1.0,
    0.5,
    1.25,
    1.25,
    2.0,
    1.25,
    0.75,
    0.5,
    1.0,
    1.0,
    1.0,
    1.0,
    1.0,
    0.75,
    1.0,
    0.75,
    1.25,
    0.75,
    1.0,
    1.25,
    0.75,
    1.25,
    1.0,
    1.25,
    0.75,
    1.5,
    1.25,
    1.0,
    0.75,
    0.75,
    1.25,
    0.75,
    1.25,
    2.75
  ],
  "latency": [
    13.75,
    14.5625,
    15.40625,
    16.34375,
    17.3125,
    18.40625,
    19.53125,
    20.625,
    21.6875,
    22.46875,
    23.3125,
    24.4375,
    25.46875,
    26.5625,
    27.5625,
    28.65625,
    29.75,
    30.375,
    31.21875,
    32.0,
    32.9375,
    33.6875,
    34.5625,
    35.46875,
    36.5,
    37.1875,
    37.875,
    38.59375,
    39.75,
    40.65625,
    41.625,
    42.34375,
    43.375,
    44.5,
    45.5,
    46.46875,
    47.59375,
    48.5,
    49.5625,
    50.53125,
    51.65625,
    52.59375,
    53.3125,
    54.15625,
    54.96875,
    56.03125,
    57.03125,
    58.125,
    59.25,
    59.9375,
    61.0,
    61.96875,
    62.96875,
    63.9375,
    64.9375,
    65.96875,
    66.6875,
    67.71875,
    68.53125,
    69.28125,
    70.34375,
    71.375,
    72.4375,
    73.6875,
    74.8125,
    76.15625,
    77.46875,
    78.625,
    79.84375,
    80.8125,
    81.625,
    82.53125,
    83.5,
    84.5625,
    85.5625,
    86.53125,
    87.625,
    88.9375,
    90.03125,
    90.96875,
    92.03125,
    93.25,
    94.125,
    95.125,
    96.0,
    97.15625,
    98.4375,
    99.5625,
    100.625,
    101.71875,
    102.84375,
    103.8125,
    104.71875,
    105.71875,
    106.75,
    107.71875,
    108.59375,
    109.40625,
    110.4375,
    111.28125
  ],
  "energy_consumption": [
    3034.2,
    5819.829999999999,
    9626.849999999999,
    12912.06,
    15152.690000000002,
    18467.08,
    21471.22,
    24409.95,
    27722.320000000003,
    31255.22,
    34919.369999999995,
    38200.130000000005,
    41160.73,
    43496.17,
    46638.18,
    49364.37,
    52091.71,
    54701.670000000006,
    57991.16,
    61324.28,
    63437.329999999994,
    66556.13,
    69645.0,
    72425.70999999999,
    74764.11,
    77366.70999999999,
    80280.53,
    83310.25,
    86010.70000000001,
    88301.13999999998,
    90665.48000000001,
    93309.38,
    95454.88,
    97754.43,
    100554.32,
    103151.33000000002,
    104796.01000000001,
    107796.75,
    109342.38,
    112112.91,
    114728.79000000001,
    117472.4,
    119604.57,
    121837.23000000001,
    124407.80000000002,
    126286.85,
    128738.48999999999,
    131062.45999999999,
    134043.72,
    137095.1,
    139926.51,
    142449.73,
    144695.39,
    147416.75999999998,
    150059.79,
    153586.21000000002,
    155803.89,
    158070.49,
    160816.06,
    163601.91,
    166814.06999999998,
    169741.41,
    172267.19999999998,
    173980.00999999998,
    177350.43000000002,
    179035.66,
    182058.4,
    184043.82,
    187045.69,
    190089.93,
    192951.09,
    195315.79,
    197602.14,
    199957.77000000002,
    203164.28000000003,
    205449.2,
    207783.17,
    209621.01,
    212022.01,
    214527.07,
    216304.33000000002,
    217677.03,
    219794.5,
    222113.9,
    224645.56000000003,
    226712.18,
    228718.55,
    230784.7,
    233526.55000000005,
    236309.43,
    239200.27999999997,
    241319.13,
    244085.5,
    246427.95999999996,
    248245.9,
    251554.37,
    254730.18999999997,
    257790.71000000002,
    260402.21000000002,
    263638.87
  ],
  "success_rate": [
    0.6,
    0.67,
    0.69,
    0.6925,
    0.692,
    0.685,
    0.6785714285714286,
    0.675,
    0.6733333333333333,
    0.677,
    0.6818181818181818,
    0.6783333333333333,
    0.6776923076923077,
    0.6714285714285714,
    0.668,
    0.663125,
    0.6588235294117647,
    0.6633333333333333,
    0.6642105263157895,
    0.666,
    0.6642857142857143,
    0.6659090909090909,
    0.6656521739130434,
    0.665,
    0.6624,
    0.6642307692307692,
    0.6666666666666666,
    0.6685714285714286,
    0.6655172413793103,
    0.6646666666666666,
    0.6635483870967742,
    0.6653125,
    0.6636363636363637,
    0.6611764705882353,
    0.66,
    0.6591666666666667,
    0.657027027027027,
    0.6568421052631579,
    0.6556410256410257,
    0.655,
    0.6531707317073171,
    0.6528571428571428,
    0.653953488372093,
    0.6543181818181818,
    0.6548888888888889,
    0.6534782608695652,
    0.6525531914893618,
    0.65125,
    0.65,
    0.6514,
    0.6505882352941177,
    0.6501923076923077,
    0.65,
    0.65,
    0.6496363636363637,
    0.65,
    0.6508771929824562,
    0.6501724137931034,
    0.6508474576271186,
    0.6516666666666666,
    0.6518032786885246,
    0.6511290322580645,
    0.6504761904761904,
    0.64875,
    0.6486153846153846,
    0.6471212121212121,
    0.6461194029850746,
    0.6457352941176471,
    0.6452173913043479,
    0.6451428571428571,
    0.646056338028169,
    0.6463888888888889,
    0.6463013698630137,
    0.6464864864864864,
    0.6465333333333333,
    0.6467105263157895,
    0.6462337662337663,
    0.6448717948717949,
    0.6444303797468355,
    0.644625,
    0.6441975308641975,
    0.6431707317073171,
    0.6436144578313253,
    0.6436904761904761,
    0.6441176470588236,
    0.6437209302325582,
    0.6426436781609195,
    0.642159090909091,
    0.6419101123595505,
    0.6415555555555555,
    0.6410989010989011,
    0.641195652173913,
    0.641505376344086,
    0.6414893617021277,
    0.6412631578947369,
    0.6413541666666667,
    0.6418556701030927,
    0.6424489795918368,
    0.6424242424242425,
    0.643
  ],