{
  "throughput": [
    0.5,
    0.5,
    0.5,
    0.75,
    0.5,
    1.0,
    0.75,
    0.75,
    1.0,
    0.75,
    0.75,
    1.0,
    0.5,
    0.5,
    0.75,
    0.75,
    1.0,
    0.75,
    0.5,
    0.75,
    0.5,
    0.75,
    0.75,
    1.75,
    1.75,
    1.75,
    1.75,
    2.0,
    1.75,
    1.75,
    1.75,
    1.5,
    1.75,
    1.75,
    1.75,
    1.75,
    1.75,
    1.75,
    1.75,
    1.5,
    1.75,
    2.0,
    1.75,
    2.0,
    2.0,
    2.0,
    2.0,
    2.25,
    0.75,
    1.5,
    1.75,
    2.0,
    1.75,
    2.25,
    2.0,
    1.75,
    2.25,
    2.25,
    0.75,
    0.75,
    0.75,
    0.75,
    1.0,
    0.75,
    2.25,
    0.75,
    0.75,
    1.0,
    0.75,
    1.0,
    1.0,
    1.0,
    1.0,
    1.0,
    1.0,
    1.0,
    1.0,
    1.0,
    1.0,
    1.0,
    1.0,
    0.75,
    1.0,
    2.0,
    1.75,
    1.75,
    2.0,
    2.0,
    1.75,
    0.75,
    1.75,
    1.75,
    1.75,
    1.75,
    1.75,
    1.75,
    2.75,
    1.75,
    1.75,
    1.75
  ],
  "latency": [
    13.13125,
    13.53125,
    14.775,
    16.04375,
    17.5875,
    19.40625,
    21.09375,
    22.662499999999998,
    24.54375,
    26.175,
    27.793750000000003,
    29.44375,
    31.225,
    32.89375,
    34.525,
    36.29375,
    38.05625,
    39.675,
    41.58125,
    43.25,
    44.94375,
    46.60625,
    48.3375,
    49.89375,
    51.225,
    52.4875,
    54.106249999999996,
    55.175,
    56.475,
    57.743750000000006,
    59.04375,
    60.05,
    61.175,
    62.35625,
    63.81875,
    64.6125,
    66.0375,
    67.31875,
    68.46875,
    69.33125,
    70.59375,
    71.7125,
    72.85,
    74.20625,
    75.29375,
    76.78125,
    77.94375,
    78.8875,
    79.925,
    80.6625,
    82.075,
    83.35,
    84.5375,
    85.69375,
    86.60625,
    87.9375,
    89.0375,
    90.15,
    91.575,
    92.49375,
    93.71875,
    94.78125,
    96.05625,
    97.55625,
    98.7375,
    100.3125,
    101.60624999999999,
    102.73125,
    104.44375,
    106.10625,
    107.7,
    109.26875,
    110.61250000000001,
    112.375,
    114.00625,
    115.84375,
    117.35625,
    118.93125,
    120.5875,
    122.13125,
    123.85625,
    125.26250000000002,
    126.94375,
    128.25,
    129.48125,
    131.025,
    132.76875,
    134.2875,
    135.51875,
    136.89375,
    138.2,
    139.58125,
    140.3875,
    141.88125,
    143.05625,
    144.25,
    145.425,
    146.85625,
    148.2875,
    149.49375
  ],
  "energy_consumption": [
    2396.34,
    4724.09,
    6624.280000000001,
    8956.230000000001,
    10881.61,
    12586.07,
    14001.420000000002,
    15951.89,
    17446.14,
    18963.95,
    20255.760000000002,
    22105.56,
    23415.440000000002,
    24547.010000000002,
    25745.690000000002,
    27054.9,
    28161.11,
    29723.890000000003,
    30916.88,
    32494.809999999998,
    33586.91,
    35155.21000000001,
    36951.26,
    39287.61,
    40974.700000000004,
    42994.3,
    45496.55,
    47851.0,
    50187.19,
    52686.62,
    54065.61,
    55981.68,
    58612.81,
    60735.62,
    62433.090000000004,
    64724.54,
    66543.78,
    68729.35,
    71252.19,
    73407.16,
    75787.85,
    77727.88,
    80062.12,
    81749.88,
    83823.71,
    85596.14000000001,
    87527.3,
    89620.87000000001,
    92251.02,
    94189.8,
    95745.6,
    97202.06,
    98574.02,
    100802.47,
    102201.5,
    103541.25,
    105300.72,
    106928.34,
    109087.34999999999,
    110922.01,
    113430.55,
    115997.44,
    118147.4,
    120521.87,
    122759.45,
    124768.48000000001,
    126877.48,
    130292.47,
    132237.77,
    135084.65000000002,
    137825.15,
    140727.21000000002,
    143231.28999999998,
    146206.32,
    148617.41999999998,
    151278.08000000002,
    154120.59999999998,
    157178.33000000002,
    159522.41,
    162249.68000000002,
    165270.05000000002,
    167606.65,
    170538.55000000002,
    172194.4,
    174677.9,
    176857.56,
    179512.54,
    182152.98,
    184137.28999999998,
    186638.52999999997,
    189070.52999999997,
    190958.57,
    193268.78000000003,
    195540.90999999997,
    198155.89,
    200742.68,
    202592.08999999997,
    205038.49,
    206786.12,
    209491.87
  ],
  "success_rate": [
    0.56,
    0.67,
    0.6066666666666667,
    0.575,
    0.54,
    0.49666666666666665,
    0.4657142857142857,
    0.44625,
    0.4211111111111111,
    0.408,
    0.3972727272727273,
    0.38916666666666666,
    0.37538461538461537,
    0.36857142857142855,
    0.36333333333333334,
    0.355625,
    0.34941176470588237,
    0.3461111111111111,
    0.3373684210526316,
    0.3345,
    0.3314285714285714,
    0.32954545454545453,
    0.32608695652173914,
    0.32666666666666666,
    0.3308,
    0.33576923076923076,
    0.3359259259259259,
    0.3425,
    0.34551724137931034,
    0.34933333333333333,
    0.352258064516129,
    0.358125,
    0.36272727272727273,
    0.3664705882352941,
    0.36714285714285716,
    0.3736111111111111,
    0.3745945945945946,
    0.3763157894736842,
    0.37974358974358974,
    0.385,
    0.38707317073170733,
    0.38904761904761903,
    0.3909302325581395,
    0.39204545454545453,
    0.39466666666666667,
    0.3939130434782609,
    0.39617021276595743,
    0.4,
    0.4030612244897959,
    0.4072,
    0.40627450980392155,
    0.4076923076923077,
    0.4090566037735849,
    0.41074074074074074,
    0.41309090909090906,
    0.4132142857142857,
    0.4145614035087719,
    0.41586206896551725,
    0.4154237288135593,
    0.4175,
    0.4180327868852459,
    0.4196774193548387,
    0.4201587301587302,
    0.41921875,
    0.42,
    0.41954545454545455,
    0.42014925373134326,
    0.4227941176470588,
    0.42231884057971014,
    0.42242857142857143,
    0.4226760563380282,
    0.42319444444444443,
    0.4246575342465753,
    0.42405405405405405,
    0.4241333333333333,
    0.42328947368421055,
    0.42402597402597403,
    0.4244871794871795,
    0.42468354430379746,
    0.42525,
    0.4248148148148148,
    0.42560975609756097,
    0.4251807228915663,
    0.42583333333333334,
    0.42717647058823527,
    0.42686046511627906,
    0.4266666666666667,
    0.4269318181818182,
    0.428314606741573,
    0.42866666666666664,
    0.42923076923076925,
    0.42945652173913046,
    0.4311827956989247,
    0.4308510638297872,
    0.4318947368421053,
    0.4327083333333333,
    0.433298969072165,
    0.4331632653061224,
    0.43313131313131314,
    0.4338
  ],