{
  "throughput": [
    0.75,
    0.25,
    0.25,
    0.5,
    0.25,
    0.25,
    0.25,
    0.25,
    0.25,
    0.25,
    0.75,
    0.5,
    0.5,
    0.25,
    0.0,
    0.25,
    0.5,
    0.25,
    0.25,
    0.25,
    0.25,
    0.25,
    0.25,
    0.25,
    0.5,
    0.5,
    0.25,
    0.25,
    0.25,
    0.25,
    0.25,
    0.25,
    0.25,
    0.25,
    0.5,
    0.25,
    0.25,
    0.5,
    0.25,
    0.5,
    0.25,
    0.5,
    0.5,
    0.5,
    0.25,
    0.25,
    0.25,
    0.25,
    0.25,
    0.25,
    0.25,
    0.25,
    0.0,
    0.25,
    0.25,
    0.0,
    0.25,
    0.25,
    0.25,
    0.25,
    0.25,
    1.0,
    0.25,
    0.25,
    0.5,
    0.75,
    0.75,
    0.75,
    0.75,
    0.75,
    0.5,
    0.75,
    2.0,
    1.25,
    0.75,
    0.75,
    1.0,
    0.75,
    2.0,
    0.75,
    0.75,
    0.75,
    1.25,
    0.5,
    0.75,
    1.0,
    1.0,
    0.5,
    0.75,
    0.75,
    1.5,
    0.5,
    0.75,
    1.75,
    1.75,
    1.75,
    1.0,
    1.25,
    2.25,
    2.0
  ],
  "latency": [
    12.96875,
    13.5625,
    14.25,
    14.65625,
    15.3125,
    15.78125,
    16.28125,
    16.84375,
    17.59375,
    18.09375,
    18.4375,
    18.84375,
    19.4375,
    20.0625,
    20.4375,
    20.90625,
    21.375,
    22.0,
    22.53125,
    23.375,
    23.90625,
    24.4375,
    25.09375,
    25.40625,
    26.03125,
    26.46875,
    27.21875,
    27.6875,
    28.40625,
    28.90625,
    29.59375,
    30.03125,
    30.5625,
    31.25,
    31.875,
    32.5625,
    33.0625,
    33.6875,
    34.125,
    34.78125,
    35.4375,
    35.96875,
    36.34375,
    37.125,
    37.6875,
    38.28125,
    38.84375,
    39.4375,
    40.25,
    41.03125,
    41.5,
    42.09375,
    42.875,
    43.5625,
    44.3125,
    44.625,
    45.0625,
    45.78125,
    46.21875,
    46.96875,
    47.46875,
    48.125,
    48.625,
    48.9375,
    49.4375,
    50.0,
    50.53125,
    51.03125,
    51.3125,
    51.65625,
    52.25,
    52.78125,
    53.25,
    53.6875,
    54.0,
    54.59375,
    55.0,
    55.6875,
    56.03125,
    56.5625,
    57.34375,
    57.84375,
    58.5,
    59.03125,
    59.75,
    60.375,
    60.6875,
    61.40625,
    62.21875,
    62.78125,
    63.40625,
    64.0,
    64.46875,
    64.84375,
    65.34375,
    65.6875,
    66.25,
    66.84375,
    67.3125,
    67.65625
  ],
  "energy_consumption": [
    2845.46,
    4943.34,
    6894.07,
    9154.2,
    11120.49,
    13424.61,
    15492.279999999999,
    17778.04,
    19879.28,
    22201.87,
    24744.47,
    27342.390000000003,
    29633.390000000003,
    31503.56,
    33293.56,
    35231.899999999994,
    37461.83,
    39403.39,
    41824.840000000004,
    43804.130000000005,
    46109.92,
    48128.380000000005,
    50245.89000000001,
    52458.880000000005,
    54864.59,
    56910.9,
    58841.83,
    60790.72,
    62755.31,
    64922.67,
    67014.38,
    69218.79000000001,
    71332.44,
    73117.62,
    75207.26000000001,
    77405.26000000001,
    79651.31,
    81985.63,
    83950.76000000001,
    86399.73000000001,
    88195.32,
    91110.91,
    93492.16,
    95982.70000000001,
    97934.29000000001,
    99975.04000000001,
    101973.81000000001,
    104168.1,
    105864.11,
    107617.12000000001,
    109663.12000000001,
    111781.34000000001,
    113331.34000000001,
    115529.41,
    117515.04000000001,
    119185.04000000001,
    121484.51000000001,
    123420.54000000001,
    125578.23000000001,
    127508.86,
    129709.07,
    131548.23,
    133836.65,
    135905.09,
    138441.24,
    141099.4,
    144349.56,
    147601.34,
    150652.37,
    153621.03999999998,
    155715.52000000002,
    158902.18,
    161440.99,
    164550.02,
    168153.65000000002,
    170799.25,
    174062.4,
    176541.27000000002,
    179942.38,
    182557.21,
    185525.31,
    188199.64,
    191020.27000000002,
    193818.83000000002,
    196593.44,
    199182.26,
    201912.32,
    204499.7,
    207396.65,
    210423.55,
    213641.57,
    215878.28000000003,
    218897.52000000002,
    222241.13,
    224821.87,
    228213.80000000002,
    231364.48,
    234378.99000000002,
    237281.02000000002,
    240633.79
  ],
  "success_rate": [
    0.82,
    0.8,
    0.7833333333333333,
    0.8025,
    0.8,
    0.8033333333333333,
    0.8042857142857143,
    0.8025,
    0.7966666666666666,
    0.8,
    0.8036363636363636,
    0.8083333333333333,
    0.8076923076923077,
    0.8042857142857143,
    0.8073333333333333,
    0.81,
    0.8111764705882353,
    0.8094444444444444,
    0.8105263157894737,
    0.8055,
    0.8052380952380952,
    0.8054545454545454,
    0.8039130434782609,
    0.8075,
    0.8056,
    0.8065384615384615,
    0.8044444444444444,
    0.8053571428571429,
    0.8024137931034483,
    0.803,
    0.8019354838709677,
    0.803125,
    0.8036363636363636,
    0.8026470588235294,
    0.802,
    0.8011111111111111,
    0.8016216216216216,
    0.8010526315789473,
    0.8020512820512821,
    0.801,
    0.8,
    0.8004761904761905,
    0.8018604651162791,
    0.8006818181818182,
    0.8006666666666666,
    0.8008695652173913,
    0.8008510638297872,
    0.800625,
    0.7985714285714286,
    0.7976,
    0.797843137254902,
    0.7978846153846154,
    0.7967924528301886,
    0.7961111111111111,
    0.7949090909090909,
    0.7953571428571429,
    0.7963157894736842,
    0.795344827586207,
    0.7954237288135593,
    0.7946666666666666,
    0.7952459016393443,
    0.7941935483870968,
    0.7947619047619048,
    0.79609375,
    0.7966153846153846,
    0.7966666666666666,
    0.7971641791044776,
    0.7976470588235294,
    0.7984057971014493,
    0.7988571428571428,
    0.7980281690140845,
    0.7984722222222222,
    0.799041095890411,
    0.7998648648648649,
    0.8010666666666667,
    0.8010526315789473,
    0.8018181818181818,
    0.8015384615384615,
    0.8025316455696202,
    0.802875,
    0.8020987654320988,
    0.8021951219512196,
    0.8019277108433734,
    0.8021428571428572,
    0.8015294117647059,
    0.8013953488372093,
    0.8022988505747126,
    0.8019318181818181,
    0.8012359550561797,
    0.8013333333333333,
    0.8013186813186813,
    0.8010869565217391,
    0.8016129032258065,
    0.8022340425531915,
    0.8026315789473685,
    0.8034375,
    0.8036082474226804,
    0.8035714285714286,
    0.804040404040404,
    0.8049
  ],