{
  "throughput": [
    1.75,
    2.75,
    2.5,
    2.5,
    3.0,
    2.75,
    2.0,
    1.5,
    1.25,
    1.25,
    1.0,
    2.25,
    1.0,
    0.75,
    1.0,
    1.25,
    1.25,
    1.25,
    2.0,
    1.25,
    1.0,
    1.0,
    1.0,
    1.25,
    1.5,
    1.0,
    2.25,
    1.0,
    1.0,
    2.5,
    1.25,
    1.25,
    1.0,
    1.0,
    1.25,
    2.0,
    2.25,
    2.25,
    2.5,
    1.25,
    1.0,
    1.5,
    0.75,
    1.25,
    1.0,
    0.75,
    2.75,
    0.75,
    1.25,
    1.0,
    0.75,
    1.0,
    2.0,
    1.25,
    0.75,
    1.0,
    0.75,
    2.5,
    1.0,
    1.75,
    0.5,
    1.75,
    0.5,
    1.25,
    2.5,
    2.75,
    1.75,
    2.5,
    1.75,
    1.75,
    1.75,
    1.75,
    1.5,
    1.75,
    2.0,
    1.5,
    1.25,
    1.0,
    0.75,
    1.0,
    1.0,
    1.0,
    1.5,
    1.0,
    1.25,
    0.75,
    1.0,
    0.75,
    1.25,
    0.75,
    1.0,
    1.0,
    1.25,
    1.0,
    1.0,
    0.5,
    0.25,
    0.75,
    0.75,
    0.5
  ],
  "latency": [
    13.85625,
    14.3875,
    15.0375,
    15.3,
    15.799999999999999,
    16.3,
    16.75625,
    17.18125,
    17.79375,
    18.25,
    18.81875,
    19.35625,
    19.71875,
    20.4,
    21.01875,
    21.86875,
    22.425,
    23.09375,
    23.46875,
    23.93125,
    24.48125,
    25.0,
    25.4375,
    26.04375,
    26.63125,
    27.075000000000003,
    27.4875,
    27.9125,
    28.599999999999998,
    29.05625,
    29.5125,
    30.08125,
    30.66875,
    31.425,
    32.33125,
    32.6875,
    32.94375,
    33.325,
    33.61875,
    34.29375,
    35.03125,
    35.48125,
    36.125,
    36.66875,
    37.14375,
    37.5375,
    37.9375,
    38.50625,
    38.95,
    39.46875,
    39.9625,
    40.575,
    41.1,
    41.7625,
    42.0,
    42.4625,
    43.01875,
    43.7,
    44.4,
    44.78125,
    45.36875,
    45.80625,
    46.30625,
    46.88125,
    47.125,
    47.50625,
    47.85,
    48.137499999999996,
    48.61875,
    48.81875,
    48.912499999999994,
    49.18125,
    49.65625,
    50.13125,
    50.8,
    51.306250000000006,
    52.01875,
    52.56875,
    53.2125,
    53.612500000000004,
    53.95625,
    54.43125,
    55.0125,
    55.1875,
    55.675,
    55.90625,
    56.349999999999994,
    56.86875,
    57.2625,
    57.8625,
    58.2125,
    58.75625,
    59.2125,
    59.8375,
    60.449999999999996,
    60.943749999999994,
    61.5625,
    62.1,
    62.775,
    63.225
  ],
  "energy_consumption": [
    1691.49,
    5044.200000000001,
    8903.939999999999,
    12250.400000000001,
    15575.13,
    19301.18,
    22474.86,
    25970.58,
    30004.449999999997,
    33397.5,
    37181.350000000006,
    40206.42,
    43853.44,
    46943.86,
    50751.46,
    54323.090000000004,
    57787.77,
    60937.33000000001,
    63613.07,
    67378.76,
    71057.36000000002,
    74710.74,
    78675.07,
    82142.70999999999,
    84764.55,
    88519.65,
    91662.42,
    94907.95000000001,
    97836.32,
    101203.16,
    104085.4,
    107822.58,
    111275.4,
    114237.9,
    117956.93,
    120949.73000000001,
    124059.55,
    127111.61,
    130351.81999999998,
    132766.6,
    135822.7,
    138352.25,
    141195.71000000002,
    144209.58000000002,
    147247.01,
    150195.22,
    153491.1,
    156384.03999999998,
    159205.69,
    162307.65,
    164915.76,
    167494.28,
    171073.76,
    174290.81,
    177615.31,
    180477.79,
    183214.21,
    185926.11,
    189228.32,
    192893.10000000003,
    194711.44,
    197611.23000000004,
    200122.32,
    203093.78000000003,
    205475.46000000002,
    208479.98,
    211260.43000000002,
    214168.22,
    217560.94,
    220970.85,
    224403.45,
    227603.93,
    230550.43,
    232779.44,
    235572.96,
    238769.65000000002,
    241969.65,
    245042.31,
    247638.68,
    250845.75,
    254114.48,
    257182.95,
    260196.41999999998,
    262777.16000000003,
    265712.63,
    269455.72,
    272519.16,
    275210.72,
    277919.25,
    281046.54000000004,
    284113.81999999995,
    286310.20999999996,
    289546.95,
    292217.80000000005,
    294871.91000000003,
    297590.07,
    299750.77,
    302313.86,
    304775.52,
    307224.8
  ],
  "success_rate": [
    0.25,
    0.53,
    0.6166666666666667,
    0.6925,
    0.724,
    0.7433333333333333,
    0.7585714285714286,
    0.77125,
    0.7733333333333333,
    0.779,
    0.7818181818181819,
    0.7841666666666667,
    0.7915384615384615,
    0.79,
    0.79,
    0.785,
    0.7858823529411765,
    0.7855555555555556,
    0.7894736842105263,
    0.792,
    0.7928571428571428,
    0.7945454545454546,
    0.7965217391304348,
    0.79625,
    0.7956,
    0.7973076923076923,
    0.7996296296296296,
    0.8017857142857143,
    0.8006896551724138,
    0.802,
    0.8035483870967742,
    0.80375,
    0.803939393939394,
    0.8017647058823529,
    0.7985714285714286,
    0.8005555555555556,
    0.8035135135135135,
    0.805,
    0.8074358974358974,
    0.8065,
    0.8048780487804879,
    0.8057142857142857,
    0.8051162790697675,
    0.8054545454545454,
    0.8062222222222222,
    0.8076086956521739,
    0.8087234042553192,
    0.80875,
    0.8095918367346939,
    0.81,
    0.8105882352941176,
    0.8101923076923077,
    0.810377358490566,
    0.8098148148148148,
    0.8118181818181818,
    0.8125,
    0.8126315789473684,
    0.8118965517241379,
    0.8111864406779661,
    0.812,
    0.8114754098360656,
    0.8119354838709677,
    0.8119047619047619,
    0.81171875,
    0.812923076923077,
    0.8136363636363636,
    0.8144776119402986,
    0.8157352941176471,
    0.8159420289855073,
    0.8175714285714286,
    0.8192957746478873,
    0.8205555555555556,
    0.8202739726027397,
    0.8204054054054054,
    0.8197333333333333,
    0.8197368421052632,
    0.818961038961039,
    0.8187179487179487,
    0.8183544303797469,
    0.818625,
    0.8191358024691358,
    0.819390243902439,
    0.819156626506024,
    0.8198809523809524,
    0.82,
    0.821046511627907,
    0.8213793103448276,
    0.82125,
    0.8217977528089888,
    0.8214444444444444,
    0.8220879120879121,
    0.8219565217391305,
    0.8221505376344086,
    0.8218085106382979,
    0.8214736842105264,
    0.8214583333333333,
    0.8210309278350515,
    0.8208163265306122,
    0.8203030303030303,
    0.8204
  ],