{
  "throughput": [
    1.75,
    0.25,
    0.5,
    0.75,
    1.25,
    0.25,
    1.0,
    0.75,
    1.0,
    0.5,
    1.5,
    0.25,
    0.5,
    2.0,
    0.25,
    0.25,
    0.5,
    0.75,
    0.75,
    0.5,
    0.5,
    0.5,
    0.75,
    0.75,
    0.5,
    0.5,
    1.25,
    0.5,
    0.75,
    0.75,
    2.25,
    1.0,
    0.75,
    0.5,
    1.0,
    1.0,
    1.25,
    1.25,
    0.5,
    1.5,
    0.75,
    0.5,
    1.0,
    0.5,
    1.0,
    0.75,
    2.0,
    0.75,
    1.25,
    1.0,
    1.0,
    1.5,
    1.0,
    2.25,
    0.5,
    0.75,
    1.0,
    0.25,
    1.25,
    1.0,
    2.0,
    1.25,
    0.75,
    0.75,
    2.25,
    2.5,
    2.0,
    1.0,
    1.0,
    1.75,
    1.0,
    1.75,
    1.25,
    0.75,
    1.5,
    1.25,
    1.75,
    1.5,
    1.0,
    1.75,
    0.5,
    0.75,
    1.25,
    1.25,
    0.75,
    1.0,
    0.75,
    0.5,
    0.5,
    0.75,
    0.75,
    0.75,
    0.75,
    1.0,
    1.0,
    1.0,
    1.0,
    0.75,
    1.0,
    1.75
  ],
  "latency": [
    12.875,
    13.89375,
    14.89375,
    15.8125,
    17.05,
    17.91875,
    19.15625,
    19.95625,
    20.95,
    22.025,
    22.725,
    23.9375,
    24.96875,
    25.91875,
    27.35,
    28.5125,
    30.05625,
    31.28125,
    32.39375,
    33.5375,
    34.8375,
    36.3375,
    37.64375,
    38.9875,
    40.2,
    41.443749999999994,
    42.66875,
    43.8875,
    45.1125,
    46.4625,
    47.2375,
    48.88125,
    50.3125,
    51.44375,
    52.71875,
    53.75625,
    54.9625,
    56.08125,
    57.20625,
    58.381249999999994,
    59.60625,
    60.98125,
    62.29375,
    63.506249999999994,
    64.69375000000001,
    65.91875,
    67.1625,
    68.3375,
    69.5125,
    70.85625,
    71.85625,
    73.0625,
    74.5375,
    75.56875,
    77.00625,
    78.4,
    79.6875,
    81.13125,
    82.18125,
    83.64375,
    84.54375,
    85.89375,
    87.39375,
    88.7,
    89.6625,
    90.88125,
    92.23125,
    93.43125,
    95.13125,
    96.4125,
    97.8625,
    99.50625,
    100.875,
    102.63125,
    104.06875,
    105.41875,
    106.925,
    108.375,
    109.8875,
    111.58125,
    113.04375000000002,
    114.5625,
    115.8875,
    117.4125,
    119.02499999999999,
    120.3375,
    121.98750000000001,
    123.71875,
    125.3125,
    126.6,
    127.78125,
    129.325,
    131.025,
    132.5125,
    133.93125,
    135.65,
    136.85,
    138.63125,
    140.20625,
    141.43125
  ],
  "energy_consumption": [
    2368.44,
    3886.45,
    5799.29,
    7360.1,
    9188.46,
    10888.07,
    12482.25,
    14521.439999999999,
    16393.76,
    18189.559999999998,
    20161.840000000004,
    21557.840000000004,
    23499.86,
    24659.86,
    25777.380000000005,
    27075.29,
    28424.660000000003,
    29756.010000000002,
    31027.15,
    32587.370000000003,
    33863.020000000004,
    35063.18000000001,
    36240.69,
    37629.39000000001,
    39623.990000000005,
    41651.54,
    43339.770000000004,
    45158.91,
    47140.83,
    49084.200000000004,
    50817.28,
    52736.700000000004,
    54275.68,
    55867.91,
    57978.42,
    59948.840000000004,
    61449.939999999995,
    62808.45,
    64759.34999999999,
    66573.98,
    68604.49,
    70508.94,
    72126.66,
    73985.59,
    75582.09,
    77504.89,
    79587.87,
    81907.48,
    83790.32,
    85583.17,
    87983.04,
    90212.99,
    91824.40000000001,
    93444.08,
    95124.6,
    96835.34000000001,
    98665.71,
    99929.43000000001,
    102071.76,
    103568.18000000001,
    105517.39,
    107971.38999999998,
    109616.97999999998,
    111527.5,
    112697.5,
    115260.06999999999,
    117571.16,
    119504.48999999999,
    121320.21,
    124042.76999999999,
    126579.67,
    128722.0,
    131278.51,
    133184.24,
    135892.19,
    138831.18,
    141092.7,
    143862.78,
    145993.96,
    148594.38,
    150278.97,
    152345.49000000002,
    154566.21000000002,
    156489.76,
    158318.75,
    160371.83,
    162460.75,
    164013.14999999997,
    166073.72999999998,
    168196.88999999998,
    170697.85,
    173238.99,
    175511.24,
    177343.88,
    179082.47999999998,
    181217.56000000003,
    183075.63999999998,
    185411.0,
    187234.88,
    189927.46
  ],
  "success_rate": [
    0.67,
    0.64,
    0.63,
    0.635,
    0.614,
    0.62,
    0.6057142857142858,
    0.615,
    0.6155555555555555,
    0.613,
    0.6227272727272727,
    0.6158333333333333,
    0.6146153846153846,
    0.6092857142857143,
    0.594,
    0.58625,
    0.5723529411764706,
    0.5661111111111111,
    0.5626315789473684,
    0.5585,
    0.5528571428571428,
    0.5445454545454546,
    0.54,
    0.5345833333333333,
    0.5316,
    0.53,
    0.5274074074074074,
    0.5246428571428572,
    0.5224137931034483,
    0.5193333333333333,
    0.522258064516129,
    0.5178125,
    0.5136363636363637,
    0.5126470588235295,
    0.5108571428571429,
    0.5111111111111111,
    0.5105405405405405,
    0.5105263157894737,
    0.51,
    0.50975,
    0.5085365853658537,
    0.5059523809523809,
    0.5046511627906977,
    0.5040909090909091,
    0.5033333333333333,
    0.5023913043478261,
    0.5017021276595744,
    0.5008333333333334,
    0.5002040816326531,
    0.499,
    0.49980392156862746,
    0.4994230769230769,
    0.4969811320754717,
    0.4974074074074074,
    0.4954545454545455,
    0.49392857142857144,
    0.49298245614035086,
    0.49086206896551726,
    0.4916949152542373,
    0.48983333333333334,
    0.4911475409836066,
    0.49048387096774193,
    0.4882539682539683,
    0.4875,
    0.48830769230769233,
    0.48954545454545456,
    0.4898507462686567,
    0.49014705882352944,
    0.48884057971014494,
    0.4897142857142857,
    0.48971830985915493,
    0.4888888888888889,
    0.4893150684931507,
    0.487972972972973,
    0.4882666666666667,
    0.4888157894736842,
    0.48844155844155845,
    0.48833333333333334,
    0.4879746835443038,
    0.487125,
    0.48691358024691356,
    0.4865853658536585,
    0.48686746987951807,
    0.48583333333333334,
    0.4851764705882353,
    0.4858139534883721,
    0.4850574712643678,
    0.4839772727272727,
    0.48359550561797754,
    0.4842222222222222,
    0.48527472527472526,
    0.4851086956521739,
    0.48440860215053766,
    0.48393617021276597,
    0.48357894736842105,
    0.4822916666666667,
    0.482680412371134,
    0.48112244897959183,
    0.4804040404040404,
    0.4807
  ],