{
  "throughput": [
    0.5,
    1.5,
    1.0,
    1.0,
    0.75,
    0.75,
    1.0,
    0.75,
    1.0,
    1.0,
    2.0,
    0.75,
    2.0,
    1.0,
    1.25,
    1.0,
    2.0,
    2.0,
    1.5,
    1.5,
    1.5,
    1.75,
    1.5,
    1.75,
    0.75,
    2.0,
    1.25,
    2.75,
    1.75,
    1.5,
    2.0,
    1.25,
    1.25,
    1.75,
    1.0,
    1.25,
    0.75,
    1.5,
    0.75,
    1.5,
    1.25,
    1.5,
    3.0,
    1.25,
    1.25,
    0.75,
    0.75,
    0.75,
    1.0,
    0.75,
    0.75,
    0.75,
    3.0,
    1.0,
    0.75,
    1.0,
    0.75,
    1.0,
    2.25,
    1.0,
    1.0,
    1.0,
    1.0,
    0.75,
    0.75,
    2.0,
    2.75,
    2.5,
    2.25,
    2.0,
    1.75,
    1.75,
    1.75,
    2.25,
    1.25,
    2.75,
    1.5,
    1.0,
    2.0,
    1.0,
    0.75,
    1.0,
    1.5,
    0.75,
    1.0,
    1.0,
    1.0,
    0.5,
    2.25,
    0.5,
    0.75,
    0.5,
    0.75,
    0.5,
    0.75,
    1.0,
    1.0,
    1.0,
    0.75,
    0.75
  ],
  "latency": [
    12.512500000000001,
    13.8,
    15.34375,
    16.7625,
    17.9625,
    19.4875,
    20.625,
    21.9625,
    23.13125,
    24.56875,
    25.925,
    27.64375,
    28.8125,
    30.18125,
    31.5875,
    33.06875,
    33.91875,
    34.775000000000006,
    35.91875,
    36.95,
    37.6625,
    38.5125,
    39.49375,
    40.087500000000006,
    41.381249999999994,
    42.31875,
    43.35625,
    44.4375,
    45.431250000000006,
    46.5375,
    47.50625,
    48.53125,
    49.35,
    50.35625,
    51.0875,
    51.89999999999999,
    52.76875,
    53.6875,
    54.53125,
    55.19375,
    56.14375,
    57.29375,
    57.625,
    59.025,
    59.9625,
    61.175,
    62.3125,
    63.3,
    64.375,
    65.5,
    66.6625,
    67.9125,
    68.89375,
    70.16875,
    71.34375,
    72.45,
    73.54375,
    74.5125,
    75.3625,
    76.31875,
    77.675,
    78.48125,
    79.45,
    80.86875,
    81.86874999999999,
    82.60625,
    83.32499999999999,
    84.10625,
    84.7,
    85.15,
    85.8,
    86.8,
    87.50625000000001,
    88.18125,
    89.32500000000002,
    90.0875,
    90.85625,
    91.75625000000001,
    92.54375,
    93.63125,
    94.5625,
    95.35,
    96.375,
    97.26249999999999,
    98.18125,
    98.80625,
    99.71875,
    100.74374999999999,
    101.44375,
    102.3125,
    103.3875,
    104.5625,
    105.76875,
    106.8625,
    107.7875,
    108.78125,
    109.55000000000001,
    110.65625,
    111.56875,
    112.31875
  ],
  "energy_consumption": [
    2032.8600000000001,
    4258.75,
    6214.76,
    8160.88,
    10386.259999999998,
    12755.01,
    15033.85,
    17309.480000000003,
    20054.920000000002,
    22277.23,
    24675.94,
    27354.15,
    29403.31,
    31470.079999999998,
    33571.729999999996,
    36004.18,
    38771.18,
    41693.25,
    43998.729999999996,
    46891.49,
    50055.25,
    52959.75,
    55563.560000000005,
    58387.05,
    60531.35,
    62966.13,
    65155.130000000005,
    67918.53,
    70934.05,
    73294.73000000001,
    75996.25,
    78522.77,
    80907.19,
    83618.41,
    86055.03,
    88575.95000000001,
    90857.36,
    93756.95,
    96225.34,
    98661.90000000001,
    101318.01,
    103967.62999999999,
    106752.94,
    109124.41999999998,
    111727.76999999999,
    113960.61000000002,
    116396.9,
    118978.79,
    121960.90000000002,
    124976.64000000001,
    127686.72,
    129962.47,
    133018.72999999998,
    135488.21,
    138087.96000000002,
    140317.66999999998,
    142551.44,
    145625.53000000003,
    147778.99,
    150808.36,
    153175.65000000002,
    156097.13,
    159031.39,
    161602.96,
    163515.13,
    166045.46,
    168813.25999999998,
    171637.43,
    174606.69,
    177129.90000000002,
    179837.14,
    182423.14,
    185334.69,
    188518.71000000002,
    191235.7,
    194130.84000000003,
    197149.49,
    200386.69,
    203605.68,
    205812.52000000002,
    208032.2,
    210254.71999999997,
    212481.62000000002,
    215104.24000000002,
    217808.51,
    220768.41999999998,
    223254.15,
    225542.08999999997,
    228188.49,
    230172.19,
    231937.09,
    233891.33000000002,
    235921.5,
    238336.91000000003,
    240817.99000000002,
    242908.84999999998,
    245393.02999999997,
    247763.63,
    250078.05,
    252405.63999999998
  ],
  "success_rate": [
    0.5,
    0.495,
    0.4633333333333333,
    0.455,
    0.466,
    0.4533333333333333,
    0.4642857142857143,
    0.465,
    0.4711111111111111,
    0.467,
    0.46636363636363637,
    0.45666666666666667,
    0.4592307692307692,
    0.45785714285714285,
    0.45666666666666667,
    0.4575,
    0.4717647058823529,
    0.48444444444444446,
    0.49,
    0.497,
    0.5076190476190476,
    0.5163636363636364,
    0.5213043478260869,
    0.5320833333333334,
    0.5308,
    0.5361538461538462,
    0.5388888888888889,
    0.5432142857142858,
    0.546896551724138,
    0.5483333333333333,
    0.552258064516129,
    0.5540625,
    0.5581818181818182,
    0.5608823529411765,
    0.5637142857142857,
    0.5672222222222222,
    0.5691891891891891,
    0.5713157894736842,
    0.5735897435897436,
    0.57675,
    0.5782926829268292,
    0.5783333333333334,
    0.583953488372093,
    0.5818181818181818,
    0.584,
    0.5841304347826087,
    0.5848936170212766,
    0.5866666666666667,
    0.5877551020408164,
    0.5884,
    0.5888235294117647,
    0.5884615384615385,
    0.5888679245283018,
    0.5885185185185186,
    0.5885454545454546,
    0.5891071428571428,
    0.5898245614035088,
    0.5903448275862069,
    0.5923728813559322,
    0.5938333333333333,
    0.5929508196721311,
    0.5951612903225807,
    0.5961904761904762,
    0.595,
    0.5950769230769231,
    0.5965151515151516,
    0.5977611940298507,
    0.5985294117647059,
    0.6001449275362318,
    0.6022857142857143,
    0.603943661971831,
    0.60375,
    0.6052054794520548,
    0.6068918918918919,
    0.6064,
    0.6077631578947369,
    0.6088311688311688,
    0.6092307692307692,
    0.610253164556962,
    0.609875,
    0.61,
    0.6108536585365854,
    0.6109638554216867,
    0.611547619047619,
    0.612,
    0.6133720930232558,
    0.6139080459770115,
    0.6138636363636364,
    0.6151685393258427,
    0.6155555555555555,
    0.6153846153846154,
    0.6146739130434783,
    0.6137634408602151,
    0.6132978723404255,
    0.613578947368421,
    0.6135416666666667,
    0.6142268041237113,
    0.6138775510204082,
    0.6141414141414141,
    0.6151
  ],