{
  "throughput": [
    0.75,
    0.5,
    2.5,
    0.75,
    1.25,
    0.5,
    0.5,
    1.0,
    1.0,
    1.0,
    1.0,
    1.25,
    2.25,
    1.0,
    1.25,
    2.0,
    0.75,
    1.5,
    1.75,
    1.0,
    0.75,
    1.5,
    2.5,
    1.0,
    0.5,
    1.0,
    0.75,
    1.0,
    3.5,
    1.0,
    1.25,
    1.5,
    1.5,
    1.75,
    1.75,
    1.5,
    1.0,
    1.0,
    1.25,
    2.25,
    1.25,
    1.5,
    1.25,
    1.5,
    1.0,
    2.75,
    1.25,
    1.5,
    1.25,
    2.75,
    1.25,
    2.0,
    1.0,
    1.25,
    1.0,
    2.0,
    1.25,
    1.25,
    1.5,
    1.25,
    1.25,
    3.0,
    0.75,
    1.25,
    1.25,
    0.75,
    0.75,
    2.25,
    1.75,
    2.25,
    2.25,
    2.25,
    2.0,
    0.75,
    0.75,
    0.75,
    1.5,
    1.5,
    1.25,
    1.0,
    1.5,
    1.25,
    1.5,
    3.0,
    2.0,
    1.25,
    0.25,
    0.5,
    2.25,
    1.0,
    1.75,
    0.75,
    1.0,
    1.25,
    0.75,
    0.75,
    1.0,
    1.75,
    1.5,
    1.25
  ],
  "latency": [
    11.918750000000001,
    12.875,
    13.18125,
    13.825,
    14.23125,
    14.8125,
    15.5125,
    16.1875,
    16.8125,
    17.43125,
    17.8375,
    18.51875,
    18.85,
    19.16875,
    19.506249999999998,
    19.9375,
    20.431250000000002,
    20.84375,
    21.275000000000002,
    21.93125,
    22.368750000000002,
    22.83125,
    22.95625,
    23.26875,
    23.875,
    24.50625,
    24.90625,
    25.4375,
    25.96875,
    26.45625,
    27.23125,
    27.987499999999997,
    28.387499999999996,
    28.793750000000003,
    29.1375,
    29.6,
    30.15625,
    30.8,
    31.137500000000003,
    31.6625,
    32.16875,
    32.78125,
    33.212500000000006,
    33.6125,
    34.099999999999994,
    34.28125,
    34.825,
    35.2875,
    35.837500000000006,
    36.075,
    36.63125,
    37.275,
    37.95625,
    38.38125,
    38.60625,
    39.01875,
    39.3125,
    39.88125,
    40.31875,
    40.743750000000006,
    41.26875,
    41.8375,
    42.6,
    43.2,
    43.78125,
    44.35625,
    44.900000000000006,
    45.375,
    45.9,
    46.45625,
    46.725,
    47.05,
    47.368750000000006,
    47.7875,
    48.50625,
    49.150000000000006,
    49.5625,
    49.893750000000004,
    50.4625,
    50.956250000000004,
    51.475,
    51.96875,
    52.599999999999994,
    52.96874999999999,
    53.48125,
    54.2625,
    54.71875,
    55.275,
    55.75,
    56.21875,
    56.8375,
    57.53125,
    58.13125,
    58.712500000000006,
    59.2375,
    59.86875,
    60.35,
    60.8625,
    61.375,
    61.90625
  ],
  "energy_consumption": [
    2548.1800000000003,
    4797.99,
    6697.99,
    8979.81,
    11443.09,
    14072.93,
    16683.12,
    19187.21,
    21681.61,
    24031.670000000002,
    27211.690000000002,
    30129.800000000003,
    33248.11,
    36451.59,
    39223.85,
    42038.72,
    45424.119999999995,
    48225.94,
    51429.5,
    54478.62,
    57201.189999999995,
    60038.61,
    63128.12,
    66529.72,
    69194.06999999999,
    72011.8,
    75122.32,
    78219.89,
    81554.95,
    84628.59000000001,
    87882.83000000002,
    90693.20000000001,
    93317.79000000001,
    96388.7,
    99640.42000000001,
    102987.38,
    105520.29000000001,
    108354.16,
    111419.62,
    114401.92000000001,
    117373.62,
    120530.32,
    123696.37000000002,
    126421.12000000001,
    129330.76999999999,
    132635.0,
    135604.02000000002,
    138753.37,
    141728.97999999998,
    144975.65999999997,
    147898.0,
    150892.02000000002,
    153982.97,
    157129.33000000002,
    160054.12,
    163370.06,
    165935.37,
    168559.97,
    171448.61,
    173968.91,
    176715.33000000002,
    179912.41,
    183020.41,
    186069.47999999998,
    189075.38,
    191912.28000000003,
    195063.86000000002,
    197948.16,
    200574.51,
    203745.7,
    206855.34999999998,
    210206.71000000002,
    213503.13999999998,
    216600.30000000005,
    219638.47999999998,
    222605.37,
    225314.39,
    228491.76999999996,
    231266.38,
    233899.71999999997,
    237251.07,
    240215.24,
    243343.97,
    246834.62000000002,
    250105.74000000002,
    252504.12,
    254782.2,
    257200.45,
    260053.58999999997,
    262526.31,
    265439.31,
    268312.37,
    270786.53,
    274356.51,
    277299.98000000004,
    279867.25,
    283490.39,
    287133.34,
    291224.22,
    294307.02
  ],
  "success_rate": [
    0.68,
    0.665,
    0.7433333333333333,
    0.75,
    0.772,
    0.775,
    0.7714285714285715,
    0.77,
    0.7711111111111111,
    0.772,
    0.7790909090909091,
    0.7775,
    0.7853846153846153,
    0.7928571428571428,
    0.798,
    0.80125,
    0.8023529411764706,
    0.805,
    0.8073684210526316,
    0.8055,
    0.8066666666666666,
    0.8081818181818182,
    0.8147826086956522,
    0.8179166666666666,
    0.8164,
    0.8146153846153846,
    0.8162962962962963,
    0.8160714285714286,
    0.8162068965517242,
    0.8166666666666667,
    0.8138709677419355,
    0.81125,
    0.8124242424242424,
    0.8135294117647058,
    0.8154285714285714,
    0.8158333333333333,
    0.8151351351351351,
    0.8139473684210526,
    0.8156410256410257,
    0.81575,
    0.8160975609756097,
    0.8152380952380952,
    0.815813953488372,
    0.8168181818181818,
    0.8168888888888889,
    0.8195652173913044,
    0.8193617021276596,
    0.8197916666666667,
    0.8195918367346938,
    0.8216,
    0.8211764705882353,
    0.8201923076923077,
    0.8188679245283019,
    0.8194444444444444,
    0.8210909090909091,
    0.8216071428571429,
    0.8228070175438597,
    0.8224137931034483,
    0.8227118644067797,
    0.8231666666666667,
    0.8229508196721311,
    0.8225806451612904,
    0.8211111111111111,
    0.820625,
    0.8203076923076923,
    0.8198484848484848,
    0.8194029850746268,
    0.8195588235294118,
    0.8191304347826087,
    0.8188571428571428,
    0.82,
    0.8208333333333333,
    0.821917808219178,
    0.822027027027027,
    0.8210666666666666,
    0.8203947368421053,
    0.8206493506493506,
    0.8214102564102564,
    0.8208860759493671,
    0.82075,
    0.8206172839506173,
    0.8206097560975609,
    0.82,
    0.8208333333333333,
    0.8207058823529412,
    0.8193023255813954,
    0.8191954022988506,
    0.8190909090909091,
    0.8189887640449438,
    0.8191111111111111,
    0.8186813186813187,
    0.8179347826086957,
    0.8175268817204301,
    0.8173404255319149,
    0.8173684210526316,
    0.8166666666666667,
    0.8168041237113403,
    0.816734693877551,
    0.8167676767676768,
    0.8167
  ],