{
  "throughput": [
    0.75,
    1.0,
    0.75,
    1.0,
    1.0,
    1.0,
    1.0,
    1.0,
    0.75,
    1.0,
    1.0,
    0.75,
    0.75,
    0.75,
    0.75,
    0.75,
    0.75,
    0.5,
    0.5,
    0.5,
    0.75,
    0.25,
    0.75,
    0.75,
    0.75,
    0.75,
    0.75,
    0.75,
    0.5,
    0.75,
    0.75,
    0.75,
    0.5,
    0.75,
    0.5,
    0.75,
    0.75,
    0.5,
    1.0,
    0.75,
    0.75,
    0.75,
    0.75,
    0.75,
    0.75,
    0.75,
    0.5,
    0.75,
    0.75,
    0.75,
    0.75,
    0.5,
    0.5,
    0.5,
    0.75,
    0.75,
    0.75,
    0.75,
    0.75,
    0.5,
    0.75,
    0.75,
    0.75,
    0.75,
    0.75,
    0.75,
    1.0,
    0.75,
    0.75,
    0.75,
    1.0,
    0.75,
    0.5,
    0.75,
    0.75,
    0.5,
    0.75,
    0.5,
    0.5,
    0.5,
    0.75,
    0.5,
    0.75,
    0.75,
    0.75,
    0.75,
    0.75,
    0.75,
    0.5,
    0.5,
    0.5,
    0.75,
    0.75,
    1.0,
    0.75,
    0.75,
    0.75,
    0.75,
    0.75,
    0.75
  ],
  "latency": [
    12.2875,
    12.85625,
    13.318750000000001,
    13.568750000000001,
    14.0,
    14.45625,
    14.8625,
    15.41875,
    16.00625,
    16.4375,
    16.85625,
    17.33125,
    18.10625,
    18.66875,
    19.275,
    19.68125,
    20.1,
    20.48125,
    20.9125,
    21.59375,
    22.125,
    22.66875,
    23.1625,
    23.66875,
    24.1,
    24.775,
    25.475,
    26.25,
    26.6,
    27.106250000000003,
    27.55625,
    28.1125,
    28.6375,
    29.11875,
    29.75625,
    30.375,
    30.88125,
    31.35,
    31.7875,
    32.39375,
    32.95,
    33.44375,
    33.98125,
    34.4625,
    35.0,
    35.60625,
    35.98125,
    36.4375,
    36.875,
    37.46875,
    38.09375,
    38.69375,
    39.08125,
    39.5375,
    40.09375,
    40.70625,
    41.225,
    41.775,
    42.21875,
    42.71875,
    43.21875,
    43.70625,
    44.1875,
    44.825,
    45.55,
    46.2625,
    46.65625,
    47.1625,
    47.775,
    48.425,
    48.80625,
    49.493750000000006,
    50.10625,
    50.54375,
    50.8875,
    51.525000000000006,
    52.06875,
    52.60625,
    53.10625,
    53.54375,
    53.85625,
    54.6125,
    55.2375,
    55.825,
    56.3625,
    57.11875,
    57.7875,
    58.400000000000006,
    58.95,
    59.375,
    59.95,
    60.425,
    60.825,
    61.2875,
    61.71875,
    62.30625,
    62.69375,
    62.86875,
    63.44375,
    63.9625
  ],
  "energy_consumption": [
    2977.3199999999997,
    6831.48,
    9788.960000000001,
    13431.51,
    16565.2,
    20346.660000000003,
    24052.260000000002,
    27734.61,
    30553.030000000002,
    34265.5,
    37830.51,
    41010.14,
    43454.14,
    46769.61,
    50143.329999999994,
    53423.67,
    56145.96000000001,
    59102.89,
    61785.649999999994,
    64197.09,
    67019.94,
    68969.82,
    71690.16,
    74766.06,
    77645.56999999999,
    80409.53,
    83254.01000000001,
    86104.13,
    88765.02,
    91418.5,
    94875.92000000001,
    97588.44000000002,
    100346.17,
    103233.67000000001,
    105506.95999999999,
    108349.21999999999,
    111116.89000000001,
    113645.23,
    117321.58,
    120483.76,
    123595.54000000001,
    126974.4,
    129991.01000000001,
    132942.72,
    135763.37,
    139125.99,
    142011.76,
    144859.49,
    147919.82,
    150850.6,
    153398.35,
    155740.03999999998,
    158531.14,
    161341.57,
    164293.29,
    167252.40000000002,
    170004.24,
    173047.29,
    176100.95,
    178825.65000000002,
    181902.69,
    184648.32,
    187841.41,
    190958.74,
    193728.62,
    196890.11000000002,
    200483.01,
    203495.0,
    206314.66999999998,
    208625.62,
    211673.27000000002,
    214382.33,
    216933.75,
    220147.93000000002,
    223842.05000000002,
    226443.99000000002,
    229494.87000000002,
    232312.63,
    234868.93000000002,
    237442.19,
    240395.75,
    242457.92,
    245726.03,
    248851.16,
    252045.34000000003,
    255121.33999999997,
    257758.21000000002,
    260890.63,
    263529.12,
    265837.26,
    268271.55000000005,
    271052.45,
    274331.98,
    277479.04,
    280447.38,
    283678.68,
    287109.19,
    290184.01,
    293178.98,
    296380.91000000003
  ],
  "success_rate": [
    0.86,
    0.835,
    0.8366666666666667,
    0.8575,
    0.856,
    0.855,
    0.8557142857142858,
    0.85,
    0.8444444444444444,
    0.845,
    0.8463636363636363,
    0.845,
    0.8361538461538461,
    0.835,
    0.8326666666666667,
    0.834375,
    0.8358823529411765,
    0.8372222222222222,
    0.8378947368421052,
    0.8345,
    0.8338095238095238,
    0.8327272727272728,
    0.8330434782608696,
    0.8329166666666666,
    0.8336,
    0.8311538461538461,
    0.8288888888888889,
    0.8257142857142857,
    0.8275862068965517,
    0.8276666666666667,
    0.8283870967741935,
    0.8278125,
    0.8278787878787879,
    0.8282352941176471,
    0.8268571428571428,
    0.8255555555555556,
    0.8256756756756757,
    0.8260526315789474,
    0.8269230769230769,
    0.82625,
    0.8258536585365853,
    0.825952380952381,
    0.825813953488372,
    0.8259090909090909,
    0.8255555555555556,
    0.8247826086956521,
    0.825531914893617,
    0.8260416666666667,
    0.826530612244898,
    0.826,
    0.8252941176470588,
    0.8248076923076924,
    0.8256603773584905,
    0.825925925925926,
    0.8256363636363636,
    0.8251785714285714,
    0.8252631578947368,
    0.8251724137931035,
    0.8255932203389831,
    0.8255,
    0.8255737704918032,
    0.8258064516129032,
    0.826031746031746,
    0.82546875,
    0.8244615384615385,
    0.8234848484848485,
    0.8241791044776119,
    0.8242647058823529,
    0.8239130434782609,
    0.8232857142857143,
    0.823943661971831,
    0.8230555555555555,
    0.8226027397260274,
    0.8228378378378378,
    0.8236,
    0.8231578947368421,
    0.8231168831168831,
    0.823076923076923,
    0.8231645569620253,
    0.823375,
    0.8243209876543209,
    0.8232926829268292,
    0.8228915662650602,
    0.8226190476190476,
    0.8225882352941176,
    0.8216279069767441,
    0.8210344827586207,
    0.8207954545454546,
    0.8206741573033708,
    0.821,
    0.8206593406593407,
    0.8208695652173913,
    0.8212903225806452,
    0.8214893617021276,
    0.8217894736842105,
    0.8215625,
    0.821958762886598,
    0.8231632653061225,
    0.823030303030303,
    0.8231
  ],