{
  "throughput": [
    0.75,
    0.5,
    0.5,
    1.75,
    0.5,
    1.0,
    0.75,
    1.75,
    1.75,
    1.0,
    1.75,
    1.0,
    0.5,
    0.75,
    1.0,
    0.75,
    0.5,
    0.75,
    0.75,
    0.75,
    1.0,
    0.75,
    0.5,
    0.75,
    0.75,
    0.5,
    0.5,
    1.75,
    0.75,
    0.25,
    0.5,
    0.75,
    1.25,
    0.5,
    0.5,
    0.5,
    0.75,
    0.5,
    0.75,
    1.0,
    0.5,
    1.0,
    0.75,
    0.5,
    1.5,
    0.75,
    0.5,
    0.75,
    0.5,
    0.75,
    0.5,
    0.5,
    0.75,
    1.0,
    0.75,
    0.5,
    0.75,
    0.5,
    0.75,
    0.75,
    1.0,
    0.5,
    0.75,
    1.0,
    0.5,
    0.5,
    0.75,
    0.75,
    0.75,
    1.25,
    1.0,
    0.5,
    0.5,
    1.0,
    0.75,
    1.0,
    0.75,
    1.0,
    1.25,
    0.75,
    0.75,
    0.75,
    1.0,
    1.0,
    1.5,
    0.5,
    1.5,
    0.5,
    0.5,
    1.25,
    1.0,
    1.5,
    1.25,
    0.75,
    1.25,
    1.25,
    2.0,
    1.0,
    1.75,
    1.25
  ],
  "latency": [
    14.59375,
    15.90625,
    17.34375,
    18.1875,
    19.4375,
    20.875,
    22.3125,
    23.75,
    25.3125,
    26.8125,
    28.34375,
    29.84375,
    31.59375,
    33.15625,
    35.03125,
    36.4375,
    37.875,
    39.34375,
    40.84375,
    42.375,
    43.90625,
    45.3125,
    46.90625,
    48.40625,
    49.71875,
    51.15625,
    52.40625,
    54.03125,
    55.5,
    56.75,
    58.21875,
    59.8125,
    61.1875,
    62.46875,
    64.3125,
    65.59375,
    67.21875,
    68.78125,
    70.53125,
    72.15625,
    73.90625,
    75.4375,
    77.09375,
    78.65625,
    80.0625,
    81.84375,
    83.15625,
    84.75,
    86.125,
    87.84375,
    89.5625,
    91.21875,
    92.75,
    94.53125,
    96.0625,
    97.46875,
    99.34375,
    101.03125,
    102.34375,
    104.1875,
    105.375,
    107.0,
    108.6875,
    110.09375,
    111.28125,
    112.46875,
    113.8125,
    115.1875,
    116.53125,
    117.78125,
    119.4375,
    120.5625,
    122.0625,
    123.5,
    124.96875,
    126.5625,
    128.09375,
    129.625,
    131.03125,
    132.75,
    134.15625,
    135.90625,
    137.53125,
    139.21875,
    141.0,
    142.625,
    144.125,
    145.625,
    147.21875,
    148.78125,
    150.3125,
    152.03125,
    153.75,
    155.4375,
    156.875,
    158.46875,
    159.9375,
    161.4375,
    162.90625,
    164.59375
  ],
  "energy_consumption": [
    2586.45,
    4422.85,
    6465.11,
    8481.05,
    10314.48,
    12187.849999999999,
    13705.79,
    15098.45,
    16509.64,
    18472.63,
    20300.72,
    22135.739999999998,
    23274.41,
    25245.15,
    27066.89,
    28820.77,
    30526.95,
    32455.83,
    33827.03,
    35492.979999999996,
    37902.259999999995,
    39629.57,
    41673.009999999995,
    44251.75,
    46395.14,
    48178.939999999995,
    50592.05,
    52505.96,
    54732.17,
    56015.44,
    57659.72,
    59670.21,
    61191.700000000004,
    63016.94,
    64541.72,
    66247.7,
    68053.73,
    70010.31999999999,
    72129.61,
    73764.1,
    75374.8,
    77247.95000000001,
    79184.94,
    80982.55,
    83252.1,
    84767.51000000001,
    86455.29,
    87963.37,
    89570.78,
    91293.81999999999,
    93274.9,
    94697.34,
    96844.81,
    98151.82,
    100105.22,
    101908.70000000001,
    103327.31000000001,
    105326.88,
    107520.01,
    109049.52,
    111044.07,
    112494.37,
    114225.18000000001,
    116206.86000000002,
    118142.37000000001,
    120451.04999999999,
    122916.05,
    125079.89000000001,
    127770.66,
    129607.97,
    131380.56,
    133828.53,
    135303.82,
    136980.84999999998,
    138888.85,
    141167.91999999998,
    142711.47999999998,
    145111.90999999997,
    147187.07,
    148911.64,
    150458.33000000002,
    152729.51,
    155088.63,
    157003.38,
    159423.58000000002,
    160817.75,
    163248.26,
    164504.84,
    166120.16999999998,
    168550.15,
    170922.77000000002,
    173710.03,
    176589.45,
    178623.12,
    181395.68,
    184287.77000000002,
    186984.11000000002,
    189672.79,
    192070.66999999998,
    194651.19
  ],
  "success_rate": [
    0.32,
    0.39,
    0.4166666666666667,
    0.465,
    0.468,
    0.4633333333333333,
    0.45285714285714285,
    0.44875,
    0.4411111111111111,
    0.439,
    0.44,
    0.44166666666666665,
    0.4338461538461538,
    0.435,
    0.42866666666666664,
    0.433125,
    0.43588235294117644,
    0.43777777777777777,
    0.4368421052631579,
    0.436,
    0.43666666666666665,
    0.43772727272727274,
    0.4373913043478261,
    0.43833333333333335,
    0.4416,
    0.4426923076923077,
    0.4462962962962963,
    0.44607142857142856,
    0.44689655172413795,
    0.448,
    0.44870967741935486,
    0.448125,
    0.4493939393939394,
    0.45029411764705884,
    0.44742857142857145,
    0.44972222222222225,
    0.4491891891891892,
    0.44894736842105265,
    0.44871794871794873,
    0.44825,
    0.44658536585365854,
    0.44666666666666666,
    0.4458139534883721,
    0.4456818181818182,
    0.4464444444444444,
    0.44478260869565217,
    0.44553191489361704,
    0.4454166666666667,
    0.446530612244898,
    0.4454,
    0.4443137254901961,
    0.4436538461538462,
    0.4437735849056604,
    0.4424074074074074,
    0.4425454545454545,
    0.4423214285714286,
    0.44070175438596493,
    0.43982758620689655,
    0.4411864406779661,
    0.43966666666666665,
    0.4418032786885246,
    0.4414516129032258,
    0.44095238095238093,
    0.441875,
    0.4429230769230769,
    0.44393939393939397,
    0.4437313432835821,
    0.44338235294117645,
    0.44318840579710145,
    0.44385714285714284,
    0.4428169014084507,
    0.44416666666666665,
    0.4436986301369863,
    0.4437837837837838,
    0.4436,
    0.4436842105263158,
    0.44311688311688313,
    0.44294871794871793,
    0.44341772151898734,
    0.442875,
    0.44308641975308644,
    0.4425609756097561,
    0.44216867469879517,
    0.4417857142857143,
    0.44129411764705884,
    0.44116279069767445,
    0.44160919540229887,
    0.44136363636363635,
    0.4407865168539326,
    0.441,
    0.440989010989011,
    0.4405434782608696,
    0.44021505376344083,
    0.4392553191489362,
    0.44,
    0.4402083333333333,
    0.44072164948453607,
    0.44112244897959185,
    0.4415151515151515,
    0.4413
  ],