{
  "throughput": [
    0.75,
    0.75,
    1.5,
    1.0,
    1.0,
    1.0,
    1.0,
    0.75,
    0.75,
    1.25,
    0.5,
    1.0,
    0.5,
    0.5,
    0.5,
    0.75,
    1.25,
    0.75,
    1.0,
    0.75,
    1.5,
    0.75,
    0.75,
    1.0,
    1.5,
    0.75,
    1.0,
    1.75,
    1.0,
    1.25,
    0.75,
    0.5,
    0.5,
    0.75,
    0.75,
    0.75,
    1.0,
    1.0,
    0.5,
    0.75,
    1.0,
    1.0,
    0.5,
    1.0,
    0.75,
    1.0,
    1.75,
    1.0,
    1.0,
    2.0,
    0.5,
    0.75,
    0.25,
    0.75,
    0.5,
    2.5,
    0.75,
    1.0,
    1.25,
    0.75,
    0.75,
    0.75,
    2.25,
    1.0,
    0.75,
    1.0,
    2.0,
    3.25,
    3.0,
    3.25,
    2.5,
    3.0,
    2.5,
    2.5,
    2.75,
    2.25,
    2.0,
    2.25,
    1.5,
    1.0,
    1.0,
    0.75,
    1.0,
    1.0,
    0.75,
    0.75,
    0.75,
    0.5,
    1.0,
    1.0,
    1.75,
    1.0,
    1.25,
    1.0,
    0.75,
    1.25,
    0.75,
    0.5,
    0.5,
    0.75
  ],
  "latency": [
    13.025,
    14.06875,
    14.60625,
    15.2625,
    15.5625,
    16.21875,
    16.76875,
    17.30625,
    18.025,
    18.69375,
    19.33125,
    19.95,
    21.025,
    21.81875,
    22.76875,
    23.36875,
    24.362499999999997,
    25.26875,
    25.8375,
    26.443749999999998,
    27.18125,
    28.19375,
    29.0875,
    29.93125,
    30.45625,
    31.13125,
    32.0125,
    32.6875,
    33.43125,
    34.381249999999994,
    35.243750000000006,
    36.05,
    36.9,
    37.79375,
    38.5375,
    39.61875,
    40.2875,
    41.2625,
    41.96875,
    42.88125,
    43.6375,
    44.35625,
    45.50625,
    46.5375,
    47.3,
    48.175,
    49.0875,
    49.89375,
    50.725,
    51.38125,
    52.1125,
    52.7625,
    53.837500000000006,
    54.15625,
    55.037499999999994,
    55.75625,
    56.625,
    57.35,
    58.2375,
    59.04375,
    59.91875,
    60.818749999999994,
    61.39375,
    62.16875,
    62.85,
    63.54375,
    64.36875,
    65.00625,
    65.4625,
    66.24375,
    66.825,
    67.4125,
    68.24375,
    69.04375,
    69.61875,
    70.2625,
    71.14375,
    72.25,
    72.93125,
    74.05625,
    74.69375,
    75.6125,
    76.6625,
    77.33125,
    78.03125,
    79.0125,
    79.9,
    81.11250000000001,
    82.25625,
    83.50625,
    84.54375,
    85.575,
    86.425,
    87.26249999999999,
    88.13125000000001,
    89.375,
    90.5125,
    91.525,
    92.85624999999999,
    93.99375
  ],
  "energy_consumption": [
    2261.17,
    4901.4400000000005,
    7892.82,
    10944.230000000001,
    13896.400000000001,
    16368.92,
    19351.4,
    22460.36,
    25363.11,
    28112.699999999997,
    30573.4,
    33946.11,
    35782.72,
    37988.43,
    39925.96,
    42942.03,
    45104.94,
    47991.5,
    50692.34,
    53215.86,
    56099.67999999999,
    58474.78999999999,
    60929.94,
    63898.43000000001,
    67169.62,
    69733.28,
    72236.76000000001,
    74454.87,
    77248.48,
    79717.45999999999,
    82089.48000000001,
    84697.06,
    86596.48,
    89519.79,
    91567.34999999999,
    94021.67,
    96958.04,
    99291.20000000001,
    101381.18,
    103924.41,
    106795.20000000001,
    109435.47,
    110992.41,
    113075.87,
    115934.31,
    118649.55,
    121640.33000000002,
    124574.56999999999,
    127213.92,
    129556.62,
    132157.16,
    134950.48,
    136321.79,
    139608.61,
    141719.22,
    144031.78,
    147045.0,
    149807.19,
    151863.94,
    154366.56,
    157018.76,
    159777.08000000002,
    162667.46000000002,
    165298.59,
    167441.40000000002,
    170366.42,
    172595.38,
    174772.14,
    177492.75999999998,
    179639.85,
    181961.0,
    184334.69,
    186767.89,
    188684.93,
    191201.74,
    193468.23,
    195850.76,
    198362.69,
    201284.07,
    203283.93,
    205542.88,
    207629.66999999998,
    209628.24,
    212176.3,
    214263.71000000002,
    216481.58999999997,
    218757.90999999997,
    220751.45,
    223076.28999999998,
    225562.58999999997,
    228229.36,
    230405.05,
    232932.30000000002,
    235812.04,
    238673.27,
    241112.53,
    243528.61,
    245311.66999999998,
    247276.39,
    249686.19
  ],
  "success_rate": [
    0.55,
    0.6,
    0.6733333333333333,
    0.695,
    0.736,
    0.74,
    0.75,
    0.75875,
    0.7577777777777778,
    0.758,
    0.759090909090909,
    0.7616666666666667,
    0.7453846153846154,
    0.7371428571428571,
    0.7266666666666667,
    0.725625,
    0.7164705882352941,
    0.7105555555555556,
    0.7110526315789474,
    0.711,
    0.709047619047619,
    0.7027272727272728,
    0.698695652173913,
    0.6954166666666667,
    0.6972,
    0.6965384615384616,
    0.6937037037037037,
    0.6932142857142857,
    0.6920689655172414,
    0.6886666666666666,
    0.6867741935483871,
    0.685,
    0.6827272727272727,
    0.6802941176470588,
    0.6797142857142857,
    0.6763888888888889,
    0.6767567567567567,
    0.6744736842105263,
    0.6743589743589744,
    0.67275,
    0.6721951219512196,
    0.6723809523809524,
    0.6686046511627907,
    0.6661363636363636,
    0.666,
    0.6647826086956522,
    0.6636170212765957,
    0.663125,
    0.6624489795918367,
    0.6632,
    0.6631372549019607,
    0.6636538461538461,
    0.6609433962264151,
    0.6637037037037037,
    0.6625454545454545,
    0.6626785714285715,
    0.6621052631578948,
    0.6620689655172414,
    0.6611864406779661,
    0.6608333333333334,
    0.66,
    0.6593548387096774,
    0.6603174603174603,
    0.66015625,
    0.6603076923076923,
    0.6606060606060606,
    0.6607462686567164,
    0.6611764705882353,
    0.6627536231884058,
    0.6627142857142857,
    0.6640845070422535,
    0.6654166666666667,
    0.6653424657534247,
    0.6651351351351351,
    0.6666666666666666,
    0.6673684210526316,
    0.6670129870129871,
    0.6653846153846154,
    0.6660759493670886,
    0.664125,
    0.6644444444444444,
    0.6635365853658537,
    0.662289156626506,
    0.6626190476190477,
    0.6628235294117647,
    0.6624418604651163,
    0.6624137931034483,
    0.6611363636363636,
    0.6603370786516853,
    0.6588888888888889,
    0.6584615384615384,
    0.6581521739130435,
    0.6583870967741936,
    0.6586170212765957,
    0.6588421052631579,
    0.6576041666666667,
    0.6565979381443299,
    0.6555102040816326,
    0.6541414141414141,
    0.6533
  ],