{
  "throughput": [
    1.0,
    2.25,
    2.25,
    1.0,
    1.25,
    0.75,
    0.75,
    0.75,
    0.75,
    1.0,
    1.0,
    0.5,
    1.25,
    0.75,
    1.0,
    1.0,
    1.0,
    0.75,
    0.5,
    0.25,
    1.25,
    0.75,
    0.5,
    0.75,
    1.5,
    1.0,
    0.75,
    2.0,
    0.5,
    0.75,
    1.25,
    0.75,
    0.5,
    0.5,
    0.5,
    1.75,
    1.75,
    1.5,
    0.5,
    1.75,
    1.0,
    1.75,
    0.75,
    1.25,
    0.75,
    1.25,
    1.25,
    1.5,
    0.75,
    1.5,
    0.75,
    0.75,
    1.0,
    0.75,
    0.75,
    1.0,
    0.5,
    0.5,
    0.75,
    1.25,
    1.0,
    0.5,
    1.0,
    0.75,
    0.75,
    1.25,
    1.25,
    0.75,
    0.5,
    0.5,
    0.75,
    1.25,
    1.5,
    1.0,
    0.75,
    0.75,
    1.0,
    0.75,
    1.0,
    0.5,
    0.5,
    0.75,
    0.5,
    0.5,
    1.0,
    0.5,
    0.75,
    0.75,
    0.75,
    0.75,
    0.75,
    0.5,
    0.5,
    0.5,
    0.75,
    2.0,
    1.5,
    2.25,
    2.0,
    1.25
  ],
  "latency": [
    13.5625,
    14.875,
    16.3125,
    17.625,
    18.8125,
    20.375,
    21.875,
    23.375,
    24.53125,
    25.78125,
    27.21875,
    28.65625,
    30.15625,
    32.125,
    33.65625,
    34.96875,
    36.28125,
    37.78125,
    39.1875,
    40.625,
    42.0625,
    43.71875,
    45.0,
    46.59375,
    47.75,
    49.03125,
    50.21875,
    51.46875,
    53.125,
    54.71875,
    56.03125,
    57.46875,
    58.78125,
    60.25,
    61.625,
    62.8125,
    64.0,
    65.1875,
    66.8125,
    67.90625,
    69.09375,
    70.1875,
    71.53125,
    72.78125,
    74.0625,
    75.71875,
    76.90625,
    78.4375,
    79.75,
    80.78125,
    82.1875,
    83.625,
    85.15625,
    86.5,
    87.84375,
    89.03125,
    90.59375,
    91.9375,
    93.21875,
    94.84375,
    96.125,
    97.65625,
    99.0625,
    100.53125,
    101.875,
    103.34375,
    104.875,
    106.53125,
    107.90625,
    109.71875,
    111.25,
    112.71875,
    114.28125,
    115.75,
    117.40625,
    118.71875,
    120.25,
    121.5625,
    123.09375,
    124.65625,
    126.09375,
    127.6875,
    129.65625,
    130.9375,
    132.3125,
    134.09375,
    135.6875,
    137.40625,
    138.75,
    140.5625,
    142.09375,
    144.0,
    145.4375,
    147.1875,
    148.96875,
    150.5625,
    152.3125,
    153.71875,
    155.21875,
    157.03125
  ],
  "energy_consumption": [
    3424.96,
    5935.73,
    7925.81,
    10279.99,
    13205.850000000002,
    15467.640000000001,
    17727.0,
    19779.58,
    21831.79,
    24427.140000000003,
    26085.2,
    28031.2,
    29705.380000000005,
    31362.59,
    33542.3,
    35645.46000000001,
    37274.94,
    39414.100000000006,
    41321.1,
    42405.630000000005,
    43961.39,
    45815.600000000006,
    47666.41,
    49171.82000000001,
    51582.67,
    53195.5,
    54609.12999999999,
    56161.399999999994,
    57677.45,
    59185.240000000005,
    61502.81,
    62916.17999999999,
    65089.3,
    66697.89,
    68782.27,
    71043.62,
    72873.64,
    74871.11,
    76457.78,
    77874.08,
    80031.67,
    82975.43,
    84966.20999999999,
    86850.54,
    88662.45,
    90430.31,
    91944.01,
    93515.69,
    95234.49,
    96875.08,
    98630.36,
    100585.71,
    102264.57,
    104246.09999999999,
    105641.5,
    107743.84999999999,
    109424.64,
    111689.28,
    113952.86,
    116471.28,
    118372.95000000001,
    119978.81,
    122155.54000000001,
    123320.53,
    125321.75,
    127984.21,
    130697.85,
    132577.1,
    134230.94,
    136108.8,
    137939.66,
    140250.89,
    142938.78,
    145108.57,
    147277.19,
    148460.99,
    150451.78999999998,
    151904.44,
    153341.85,
    154970.24,
    157181.94999999998,
    159745.40999999997,
    161079.13999999998,
    162254.18,
    164379.72999999998,
    166007.93,
    167988.71,
    170137.49000000002,
    172938.86000000002,
    175235.04,
    178087.97,
    179644.88999999998,
    181332.55,
    183115.21000000002,
    184992.32,
    186863.3,
    188877.75999999998,
    191029.56,
    193578.35000000003,
    196771.80000000002
  ],
  "success_rate": [
    0.65,
    0.595,
    0.5633333333333334,
    0.5575,
    0.56,
    0.5366666666666666,
    0.5228571428571429,
    0.5125,
    0.5166666666666667,
    0.518,
    0.5136363636363637,
    0.5083333333333333,
    0.5053846153846154,
    0.49,
    0.486,
    0.4875,
    0.48764705882352943,
    0.48444444444444446,
    0.4826315789473684,
    0.48,
    0.4776190476190476,
    0.4727272727272727,
    0.47347826086956524,
    0.47,
    0.4732,
    0.4746153846153846,
    0.4759259259259259,
    0.4767857142857143,
    0.4731034482758621,
    0.4706666666666667,
    0.47096774193548385,
    0.47,
    0.4703030303030303,
    0.46911764705882353,
    0.46885714285714286,
    0.4702777777777778,
    0.47162162162162163,
    0.47289473684210526,
    0.4705128205128205,
    0.47225,
    0.47341463414634144,
    0.47523809523809524,
    0.47511627906976744,
    0.47545454545454546,
    0.4757777777777778,
    0.47347826086956524,
    0.47404255319148936,
    0.47270833333333334,
    0.47285714285714286,
    0.4748,
    0.47431372549019607,
    0.47365384615384615,
    0.47245283018867923,
    0.4724074074074074,
    0.47254545454545455,
    0.4733928571428571,
    0.47210526315789475,
    0.47172413793103446,
    0.47203389830508474,
    0.4715,
    0.47180327868852456,
    0.47080645161290324,
    0.4704761904761905,
    0.46953125,
    0.47015384615384614,
    0.4703030303030303,
    0.4702985074626866,
    0.4697058823529412,
    0.4697101449275362,
    0.46814285714285714,
    0.4680281690140845,
    0.46819444444444447,
    0.46808219178082194,
    0.46824324324324323,
    0.4676,
    0.4675,
    0.4666233766233766,
    0.4666666666666667,
    0.46620253164556963,
    0.46525,
    0.4654320987654321,
    0.4657317073170732,
    0.4636144578313253,
    0.4636904761904762,
    0.46388235294117647,
    0.4633720930232558,
    0.4636781609195402,
    0.46295454545454545,
    0.46415730337078653,
    0.46366666666666667,
    0.4641758241758242,
    0.4632608695652174,
    0.46344086021505376,
    0.46308510638297873,
    0.4626315789473684,
    0.46239583333333334,
    0.46195876288659793,
    0.46244897959183673,
    0.4626262626262626,
    0.4621
  ],