{
  "throughput": [
    1.5,
    2.5,
    2.0,
    2.25,
    1.25,
    0.75,
    0.25,
    2.0,
    1.0,
    1.5,
    0.75,
    1.5,
    0.5,
    1.25,
    0.75,
    1.75,
    0.75,
    0.75,
    1.0,
    1.0,
    1.0,
    1.0,
    0.75,
    1.25,
    1.0,
    2.25,
    0.25,
    1.25,
    1.5,
    0.75,
    1.0,
    0.75,
    2.0,
    1.0,
    0.75,
    0.75,
    1.0,
    0.75,
    0.75,
    1.25,
    1.0,
    0.75,
    1.25,
    1.0,
    1.0,
    1.25,
    1.0,
    0.5,
    1.25,
    0.75,
    1.25,
    1.5,
    0.75,
    0.75,
    1.0,
    1.25,
    1.25,
    1.0,
    0.75,
    0.5,
    1.0,
    0.75,
    0.75,
    0.75,
    0.5,
    1.25,
    1.0,
    1.0,
    2.25,
    2.75,
    2.0,
    2.0,
    2.0,
    1.5,
    2.0,
    1.5,
    2.0,
    2.25,
    2.0,
    0.75,
    1.0,
    1.5,
    1.25,
    2.0,
    1.0,
    1.25,
    1.25,
    1.5,
    1.0,
    1.5,
    1.5,
    1.0,
    1.25,
    2.25,
    1.75,
    1.75,
    2.25,
    1.0,
    1.0,
    0.75
  ],
  "latency": [
    13.5625,
    13.96875,
    14.1875,
    14.59375,
    15.09375,
    15.875,
    16.5625,
    16.875,
    17.34375,
    17.75,
    18.34375,
    18.90625,
    19.4375,
    19.875,
    20.5,
    21.15625,
    21.78125,
    22.1875,
    22.75,
    23.4375,
    24.125,
    24.78125,
    25.46875,
    26.03125,
    26.9375,
    27.625,
    28.375,
    28.937499999999996,
    29.4375,
    30.09375,
    30.75,
    31.25,
    31.78125,
    32.375,
    33.03125,
    33.78125,
    34.40625,
    34.90625,
    35.375,
    35.875,
    36.5625,
    37.0,
    37.65625,
    38.25,
    38.9375,
    39.46875,
    39.96875,
    40.65625,
    41.21875,
    41.78125,
    42.53125,
    43.1875,
    43.90625,
    44.46875,
    45.03125,
    45.71875,
    46.03125,
    46.6875,
    47.59375,
    48.03125,
    48.71875,
    49.34375,
    50.09375,
    50.53125,
    51.21875,
    51.90625,
    52.5625,
    53.0625,
    53.6875,
    54.0625,
    54.59375,
    55.03125,
    55.59375,
    55.875,
    56.43750000000001,
    56.96875,
    57.375,
    57.9375,
    58.46875,
    58.9375,
    59.40625,
    59.9375,
    60.53125,
    60.96875,
    61.5,
    62.15625,
    62.6875,
    63.4375,
    63.90625,
    64.40625,
    64.9375,
    65.46875,
    66.15625,
    66.46875,
    66.8125,
    67.15625,
    67.625,
    68.15625,
    68.65625,
    69.46875
  ],
  "energy_consumption": [
    2653.29,
    4984.3099999999995,
    7680.05,
    10092.580000000002,
    13164.77,
    15885.12,
    17733.370000000003,
    20202.160000000003,
    24350.82,
    27172.06,
    29882.899999999998,
    32254.98,
    34628.76,
    37660.08,
    39984.07000000001,
    42552.95999999999,
    45379.19,
    48126.53,
    50580.649999999994,
    53131.78999999999,
    55698.31999999999,
    58170.479999999996,
    60624.31999999999,
    63312.09,
    65375.979999999996,
    67912.11,
    69749.03,
    72310.09999999999,
    74958.11,
    77310.6,
    79751.36,
    81967.4,
    83920.63999999998,
    86335.09999999999,
    88761.97,
    91526.73999999999,
    93915.87,
    96268.06999999999,
    99090.04999999999,
    101636.01999999999,
    103777.31999999999,
    106629.06,
    108586.39,
    111064.15,
    113718.69999999998,
    115998.13999999998,
    118578.84,
    121108.85999999999,
    123741.75999999998,
    126628.16999999998,
    129139.06999999998,
    131589.8,
    133994.0,
    136412.06,
    138829.8,
    140857.89,
    143563.03,
    145613.53,
    147883.1,
    150275.51,
    152591.01,
    154596.18,
    156916.99,
    159205.8,
    161946.36,
    165409.61000000002,
    168584.49000000002,
    171719.2,
    174658.54,
    177269.05,
    180274.29,
    182504.59999999998,
    185608.4,
    188408.38,
    191947.53000000003,
    194517.86,
    197539.25,
    200598.94999999998,
    203837.67,
    206706.04,
    210250.65,
    213180.91,
    216687.12,
    219831.46,
    222407.3,
    225877.85,
    229362.15999999997,
    233137.9,
    236834.96,
    240690.16999999998,
    244018.44,
    246317.57,
    249310.5,
    252886.65,
    256172.27000000002,
    259199.74000000002,
    262046.87,
    265107.69999999995,
    268481.08999999997,
    271031.79
  ],
  "success_rate": [
    0.66,
    0.765,
    0.82,
    0.8325,
    0.834,
    0.82,
    0.8128571428571428,
    0.82375,
    0.8266666666666667,
    0.83,
    0.8272727272727273,
    0.8266666666666667,
    0.8269230769230769,
    0.8292857142857143,
    0.8273333333333334,
    0.825,
    0.8235294117647058,
    0.8261111111111111,
    0.8257894736842105,
    0.8235,
    0.8214285714285714,
    0.82,
    0.8182608695652174,
    0.8183333333333334,
    0.814,
    0.8126923076923077,
    0.8107407407407408,
    0.8110714285714286,
    0.8120689655172414,
    0.8113333333333334,
    0.8106451612903226,
    0.81125,
    0.8115151515151515,
    0.8114705882352942,
    0.8108571428571428,
    0.8094444444444444,
    0.8091891891891891,
    0.81,
    0.811025641025641,
    0.81175,
    0.8109756097560976,
    0.8121428571428572,
    0.8113953488372093,
    0.8113636363636364,
    0.8106666666666666,
    0.8110869565217391,
    0.8117021276595745,
    0.8110416666666667,
    0.8112244897959183,
    0.8114,
    0.8103921568627451,
    0.81,
    0.8090566037735849,
    0.8092592592592592,
    0.8092727272727273,
    0.80875,
    0.8103508771929825,
    0.81,
    0.808135593220339,
    0.8088333333333333,
    0.8083606557377049,
    0.8080645161290323,
    0.8073015873015873,
    0.80796875,
    0.8075384615384615,
    0.8071212121212121,
    0.806865671641791,
    0.8073529411764706,
    0.8072463768115942,
    0.8082857142857143,
    0.8084507042253521,
    0.8090277777777778,
    0.8091780821917808,
    0.8104054054054054,
    0.8105333333333333,
    0.8106578947368421,
    0.8112987012987013,
    0.8114102564102564,
    0.8116455696202531,
    0.812,
    0.8124691358024692,
    0.8126829268292682,
    0.8126506024096386,
    0.8132142857142857,
    0.8132941176470588,
    0.8130232558139535,
    0.8132183908045977,
    0.8126136363636364,
    0.8130337078651685,
    0.8133333333333334,
    0.8135164835164835,
    0.8134782608695652,
    0.8131182795698925,
    0.8140425531914893,
    0.8148421052631579,
    0.815625,
    0.815979381443299,
    0.8161224489795919,
    0.8163636363636364,
    0.8156
  ],