{
  "throughput": [
    1.0,
    1.5,
    1.5,
    0.75,
    1.0,
    1.5,
    1.5,
    0.75,
    0.75,
    1.25,
    1.0,
    1.0,
    1.0,
    1.5,
    1.0,
    1.0,
    1.75,
    1.5,
    1.25,
    1.25,
    0.75,
    1.0,
    1.25,
    1.25,
    0.75,
    0.5,
    1.0,
    1.25,
    2.25,
    1.0,
    1.0,
    0.75,
    1.25,
    1.0,
    1.25,
    0.75,
    1.0,
    1.0,
    2.0,
    1.5,
    1.0,
    1.0,
    1.0,
    1.25,
    1.0,
    2.25,
    1.0,
    1.25,
    1.0,
    1.0,
    1.0,
    1.0,
    0.75,
    1.0,
    0.75,
    1.0,
    2.25,
    0.5,
    2.0,
    1.0,
    0.75,
    1.0,
    1.5,
    1.0,
    1.0,
    0.75,
    1.0,
    2.0,
    2.0,
    4.0,
    4.25,
    3.25,
    2.5,
    2.75,
    0.75,
    0.5,
    1.5,
    0.5,
    0.75,
    0.5,
    0.5,
    0.25,
    0.5,
    0.5,
    0.25,
    0.75,
    0.75,
    0.5,
    0.25,
    0.25,
    0.25,
    0.75,
    0.5,
    0.25,
    0.25,
    0.25,
    1.25,
    1.0,
    0.5,
    0.25
  ],
  "latency": [
    13.3125,
    14.375,
    15.4375,
    16.40625,
    17.34375,
    18.625,
    19.375,
    20.625,
    21.59375,
    22.6875,
    23.71875,
    24.625,
    25.9375,
    26.75,
    27.53125,
    28.65625,
    29.71875,
    30.6875,
    31.625,
    32.46875,
    33.5625,
    34.8125,
    36.125,
    37.53125,
    38.28125,
    39.34375,
    40.46875,
    41.3125,
    42.28125,
    43.40625,
    44.84375,
    45.90625,
    46.90625,
    48.125,
    49.1875,
    50.125,
    51.0625,
    52.03125,
    52.875,
    53.78125,
    54.8125,
    55.78125,
    56.375,
    57.3125,
    58.3125,
    59.09375,
    60.125,
    61.1875,
    62.21875,
    63.28125,
    64.25,
    65.25,
    66.28125,
    67.21875,
    68.375,
    69.65625,
    70.5,
    71.625,
    72.71875,
    73.625,
    74.8125,
    75.75,
    76.5625,
    77.5625,
    78.46875,
    79.59375,
    80.78125,
    82.03125,
    82.59375,
    83.15625,
    83.96875,
    84.8125,
    85.65625,
    86.5,
    87.5625,
    88.65625,
    89.59375,
    90.5625,
    91.34375,
    92.1875,
    93.0625,
    93.78125,
    95.03125,
    95.875,
    96.93749999999999,
    98.03125,
    98.96875,
    100.0625,
    100.84375,
    102.03125,
    103.0625,
    104.03125,
    104.90625,
    106.09375,
    106.90625,
    108.0625,
    109.0,
    110.125,
    111.28125,
    112.21875
  ],
  "energy_consumption": [
    3669.5,
    6391.69,
    8657.61,
    11092.48,
    13905.52,
    16602.67,
    19199.86,
    21544.45,
    24612.16,
    27010.82,
    29513.86,
    31631.42,
    33952.15,
    36460.810000000005,
    38544.21,
    40505.58,
    43397.26,
    46185.25,
    48414.329999999994,
    50608.04000000001,
    53415.5,
    55732.380000000005,
    58083.92,
    61188.65,
    63251.6,
    65550.48000000001,
    68312.1,
    71233.13,
    74681.74,
    77372.23999999999,
    80052.84,
    82769.6,
    85298.90000000001,
    88326.19,
    91111.34,
    93645.56,
    95655.44,
    98199.38,
    101564.9,
    104646.10999999999,
    108250.69,
    111870.53,
    115069.31000000001,
    118375.75,
    121651.69,
    124060.35,
    127173.70999999999,
    130391.32999999999,
    132879.66,
    136045.33000000002,
    139285.31,
    142598.44,
    144981.03,
    147897.6,
    150351.19,
    153728.0,
    156266.08000000002,
    158213.32,
    161312.75,
    164505.99,
    167111.33000000002,
    170127.16999999998,
    173826.47999999998,
    177254.29,
    180423.39,
    182666.53999999998,
    185941.39,
    189075.59999999998,
    192917.44999999998,
    196501.65,
    199659.82,
    202882.03000000003,
    206387.05,
    209274.18,
    211196.7,
    213032.21,
    215705.13999999998,
    217925.25,
    220006.12,
    222343.16999999998,
    223956.91,
    225960.53,
    227506.25999999998,
    229358.29,
    230786.30999999997,
    232229.4,
    234165.6,
    236084.69,
    237950.72999999998,
    239692.21,
    241521.03999999998,
    243975.27999999997,
    246321.37000000002,
    247880.27,
    249554.73,
    251053.21,
    252699.84,
    254378.18999999997,
    255996.11000000002,
    257763.67
  ],
  "success_rate": [
    0.74,
    0.675,
    0.6566666666666666,
    0.6525,
    0.654,
    0.6433333333333333,
    0.6528571428571428,
    0.64,
    0.6455555555555555,
    0.642,
    0.6409090909090909,
    0.6441666666666667,
    0.6361538461538462,
    0.6407142857142857,
    0.6446666666666667,
    0.640625,
    0.6394117647058823,
    0.6405555555555555,
    0.641578947368421,
    0.644,
    0.6423809523809524,
    0.6386363636363637,
    0.6343478260869565,
    0.6295833333333334,
    0.6324,
    0.6315384615384615,
    0.6303703703703704,
    0.6325,
    0.6331034482758621,
    0.632,
    0.6277419354838709,
    0.6275,
    0.6278787878787879,
    0.6273529411764706,
    0.6271428571428571,
    0.6280555555555556,
    0.6286486486486487,
    0.6294736842105263,
    0.6310256410256411,
    0.6325,
    0.6324390243902439,
    0.6328571428571429,
    0.6360465116279069,
    0.6368181818181818,
    0.6368888888888888,
    0.6384782608695653,
    0.6382978723404256,
    0.638125,
    0.6379591836734694,
    0.6376,
    0.6378431372549019,
    0.6378846153846154,
    0.6373584905660378,
    0.6377777777777778,
    0.6367272727272727,
    0.6351785714285715,
    0.636140350877193,
    0.6351724137931034,
    0.6347457627118644,
    0.6353333333333333,
    0.6342622950819672,
    0.6346774193548387,
    0.6360317460317461,
    0.63609375,
    0.6372307692307693,
    0.6371212121212121,
    0.6368656716417911,
    0.6363235294117647,
    0.6384057971014493,
    0.6408571428571429,
    0.6422535211267606,
    0.6431944444444444,
    0.6441095890410959,
    0.6443243243243243,
    0.6432,
    0.6423684210526316,
    0.6419480519480519,
    0.6416666666666667,
    0.6421518987341772,
    0.642375,
    0.6425925925925926,
    0.6434146341463415,
    0.6420481927710844,
    0.6421428571428571,
    0.6411764705882353,
    0.6404651162790698,
    0.6404597701149425,
    0.6398863636363636,
    0.6401123595505618,
    0.6392222222222222,
    0.6386813186813187,
    0.638804347826087,
    0.6389247311827957,
    0.6380851063829788,
    0.638421052631579,
    0.6376041666666666,
    0.6374226804123712,
    0.636734693877551,
    0.6361616161616162,
    0.6362
  ],