{
  "throughput": [
    1.0,
    1.75,
    0.5,
    0.5,
    0.5,
    2.25,
    0.5,
    1.5,
    0.5,
    1.5,
    0.75,
    1.75,
    0.75,
    0.75,
    1.0,
    1.5,
    0.75,
    1.0,
    1.25,
    1.75,
    1.25,
    1.25,
    1.0,
    1.5,
    0.75,
    1.0,
    1.0,
    0.5,
    1.25,
    1.0,
    1.0,
    1.0,
    1.25,
    0.5,
    1.0,
    1.0,
    0.75,
    1.25,
    0.5,
    1.25,
    0.75,
    1.5,
    0.75,
    1.0,
    0.75,
    1.5,
    1.25,
    0.75,
    1.5,
    1.75,
    1.0,
    1.0,
    0.75,
    1.25,
    1.5,
    2.0,
    2.0,
    0.75,
    0.75,
    0.75,
    0.75,
    1.0,
    0.75,
    2.0,
    2.75,
    2.0,
    1.25,
    1.25,
    1.0,
    0.75,
    0.75,
    1.0,
    1.25,
    1.0,
    1.25,
    1.0,
    1.5,
    1.0,
    1.0,
    1.0,
    1.0,
    1.0,
    1.75,
    1.25,
    0.5,
    0.75,
    1.0,
    0.5,
    0.25,
    0.25,
    0.75,
    0.5,
    0.5,
    0.5,
    3.0,
    2.0,
    1.25,
    0.5,
    0.75,
    1.25
  ],
  "latency": [
    11.75,
    12.49375,
    13.09375,
    13.49375,
    13.99375,
    14.46875,
    14.9,
    15.23125,
    15.549999999999999,
    16.09375,
    16.7625,
    17.26875,
    17.76875,
    18.16875,
    18.74375,
    19.23125,
    19.856250000000003,
    20.3125,
    20.975,
    21.35,
    21.675,
    21.95,
    22.25625,
    22.975,
    23.4625,
    23.881249999999998,
    24.2625,
    24.7625,
    25.01875,
    25.60625,
    26.30625,
    26.9875,
    27.262500000000003,
    27.7,
    28.10625,
    28.4875,
    29.206249999999997,
    29.625,
    30.2125,
    30.65,
    31.15625,
    31.6875,
    32.25,
    32.75,
    33.20625,
    33.6875,
    34.175,
    34.668749999999996,
    35.1375,
    35.48125,
    35.875,
    36.2,
    36.875,
    37.34375,
    37.95,
    38.5375,
    38.9875,
    39.56875,
    40.0625,
    40.599999999999994,
    40.9625,
    41.5,
    42.0375,
    42.41875,
    42.69375,
    43.0375,
    43.2375,
    43.587500000000006,
    43.95625,
    44.35625,
    44.5625,
    45.087500000000006,
    45.3625,
    45.95625,
    46.5625,
    47.2375,
    47.575,
    48.18125,
    48.65,
    49.1125,
    49.662499999999994,
    50.262499999999996,
    50.6625,
    51.20625,
    51.8125,
    52.16875,
    52.64375,
    53.29375,
    54.068749999999994,
    54.675000000000004,
    55.056250000000006,
    55.31875,
    55.86875,
    56.34375,
    56.475,
    56.76875,
    57.1625,
    57.7125,
    58.10625,
    58.50625
  ],
  "energy_consumption": [
    2167.33,
    4931.36,
    7087.01,
    9784.02,
    11985.29,
    14921.140000000001,
    17353.03,
    20008.91,
    22371.910000000003,
    25282.5,
    27921.510000000002,
    30794.379999999997,
    33165.13,
    36597.43,
    39761.24,
    42705.44,
    45555.100000000006,
    48329.0,
    52108.07000000001,
    55564.41,
    59206.2,
    62076.71000000001,
    64454.04,
    67055.6,
    69966.44,
    73409.67000000001,
    76543.81999999999,
    78752.93,
    81819.15,
    84362.01000000001,
    86861.03,
    89943.57,
    93366.93,
    95656.34,
    98638.11000000002,
    101833.17,
    104740.14,
    107648.38999999998,
    110060.1,
    113566.57,
    116092.51000000001,
    119095.29000000001,
    121532.66,
    124956.07,
    127794.29000000001,
    131008.57,
    133581.35,
    136747.12,
    139652.2,
    143015.29,
    146530.55,
    150073.17,
    153026.5,
    156001.81,
    159899.24000000002,
    162838.56,
    166063.61,
    168908.05000000002,
    171443.23,
    174278.09,
    176774.77,
    179740.09,
    182393.58000000002,
    185173.74,
    188741.51,
    192026.95,
    195467.21000000002,
    198612.74,
    202244.21,
    204410.46,
    207061.1,
    210262.26,
    213717.15,
    217246.67,
    220420.28999999998,
    223426.67,
    226496.17,
    229693.34999999998,
    233366.11,
    236767.77,
    240078.22000000003,
    243434.24000000002,
    246086.07000000004,
    248866.08000000002,
    251415.53,
    253732.50000000003,
    256475.18,
    258208.59,
    260217.62,
    261940.6,
    264832.76,
    267418.76,
    270017.75,
    272555.61,
    275117.16000000003,
    277870.81,
    280255.08999999997,
    283063.53,
    285163.42,
    288065.24
  ],
  "success_rate": [
    0.79,
    0.76,
    0.76,
    0.785,
    0.788,
    0.7933333333333333,
    0.7971428571428572,
    0.805,
    0.8111111111111111,
    0.81,
    0.8036363636363636,
    0.805,
    0.806923076923077,
    0.81,
    0.8073333333333333,
    0.8075,
    0.8058823529411765,
    0.8066666666666666,
    0.8036842105263158,
    0.8065,
    0.81,
    0.8136363636363636,
    0.8160869565217391,
    0.8125,
    0.812,
    0.813076923076923,
    0.8148148148148148,
    0.8146428571428571,
    0.8172413793103448,
    0.816,
    0.8132258064516129,
    0.8115625,
    0.8142424242424242,
    0.8147058823529412,
    0.816,
    0.8172222222222222,
    0.8151351351351351,
    0.8157894736842105,
    0.8148717948717948,
    0.81525,
    0.8148780487804878,
    0.8147619047619048,
    0.814186046511628,
    0.8140909090909091,
    0.8146666666666667,
    0.8147826086956522,
    0.8148936170212766,
    0.815,
    0.8151020408163265,
    0.8164,
    0.8172549019607843,
    0.8178846153846154,
    0.8166037735849057,
    0.8168518518518518,
    0.8161818181818182,
    0.8155357142857143,
    0.8154385964912281,
    0.815,
    0.8144067796610169,
    0.8141666666666667,
    0.8149180327868852,
    0.8145161290322581,
    0.8142857142857143,
    0.815,
    0.8163076923076923,
    0.8172727272727273,
    0.817910447761194,
    0.8177941176470588,
    0.8176811594202898,
    0.8172857142857143,
    0.8177464788732395,
    0.8169444444444445,
    0.817945205479452,
    0.8175675675675675,
    0.8170666666666667,
    0.8163157894736842,
    0.8163636363636364,
    0.8157692307692308,
    0.8155696202531646,
    0.815875,
    0.815679012345679,
    0.8152439024390243,
    0.8155421686746988,
    0.8153571428571429,
    0.8148235294117647,
    0.8148837209302325,
    0.8150574712643678,
    0.8142045454545455,
    0.8131460674157304,
    0.8125555555555556,
    0.8128571428571428,
    0.8134782608695652,
    0.8134408602150538,
    0.8129787234042554,
    0.8144210526315789,
    0.8153125,
    0.8154639175257732,
    0.815204081632653,
    0.8154545454545454,
    0.8159
  ],