{
  "throughput": [
    0.75,
    2.0,
    1.25,
    1.0,
    1.0,
    1.0,
    0.75,
    0.75,
    1.0,
    1.0,
    1.0,
    1.25,
    1.25,
    1.25,
    1.25,
    1.0,
    1.25,
    1.0,
    1.0,
    1.25,
    1.0,
    0.75,
    0.75,
    0.75,
    0.75,
    0.75,
    1.0,
    0.75,
    0.5,
    1.0,
    1.0,
    0.75,
    0.75,
    1.0,
    0.75,
    1.0,
    0.75,
    0.75,
    0.5,
    0.75,
    0.75,
    0.5,
    0.75,
    0.75,
    1.0,
    0.75,
    1.25,
    1.0,
    0.75,
    0.5,
    0.75,
    0.5,
    0.75,
    0.0,
    0.5,
    1.0,
    0.5,
    0.25,
    0.75,
    0.5,
    0.5,
    0.5,
    0.5,
    0.5,
    0.5,
    0.75,
    0.5,
    0.5,
    0.75,
    0.75,
    1.0,
    2.0,
    0.75,
    0.5,
    1.25,
    1.0,
    0.75,
    0.75,
    1.0,
    0.75,
    1.25,
    0.75,
    1.0,
    1.5,
    0.75,
    1.25,
    1.0,
    1.25,
    1.0,
    1.0,
    1.0,
    1.0,
    1.0,
    1.0,
    0.75,
    2.25,
    1.0,
    1.0,
    1.0,
    1.25
  ],
  "latency": [
    13.0625,
    14.45625,
    15.83125,
    17.4125,
    19.0,
    20.58125,
    22.06875,
    23.8125,
    25.10625,
    26.75,
    28.225,
    29.96875,
    31.3125,
    32.80625,
    34.28125,
    36.10625,
    37.86875,
    39.96875,
    41.59375,
    42.99375,
    44.43125,
    45.8625,
    47.75625,
    49.5125,
    50.7875,
    52.28125,
    53.71875,
    55.31875,
    56.89375,
    58.70625,
    60.60625,
    62.33125,
    63.9875,
    65.59375,
    67.28125,
    68.90625,
    70.53125,
    72.18125,
    73.5,
    75.09375,
    76.775,
    78.51875,
    79.8875,
    81.59375,
    82.99375,
    84.75,
    86.3875,
    88.0375,
    89.525,
    90.975,
    92.51875,
    94.15625,
    96.20625,
    97.7375,
    99.4875,
    101.29375,
    102.8125,
    104.625,
    106.2125,
    107.7375,
    109.2375,
    110.91875,
    112.44375,
    114.1625,
    115.6875,
    117.23125,
    118.76875,
    120.05,
    121.21875,
    122.725,
    123.95625,
    125.0625,
    126.3375,
    127.51875,
    129.05,
    130.49375,
    131.9125,
    133.35625,
    134.7875,
    136.06875,
    137.53125,
    138.88125,
    140.05,
    141.5125,
    143.05625,
    144.8625,
    146.53125,
    147.975,
    149.4,
    150.75625,
    152.20625,
    153.625,
    154.85625,
    156.45,
    157.91875,
    159.26875,
    160.88125,
    162.2,
    163.64375,
    165.18125
  ],
  "energy_consumption": [
    2647.5699999999997,
    5331.5599999999995,
    7828.74,
    10191.29,
    13303.82,
    15835.93,
    18692.74,
    20764.79,
    23512.329999999998,
    26015.55,
    28591.6,
    31552.36,
    34339.57000000001,
    36978.8,
    39889.54000000001,
    42611.61,
    45559.49,
    48060.05,
    50885.55,
    53718.850000000006,
    56673.76,
    58493.350000000006,
    60830.97,
    62983.450000000004,
    65287.780000000006,
    67450.14000000001,
    69599.63,
    71907.73999999999,
    73624.97,
    75638.85,
    77910.28,
    80317.15000000001,
    82685.01000000001,
    84641.79000000001,
    86991.56,
    89561.03,
    91717.18,
    93936.80000000002,
    95617.33,
    97881.74,
    100274.86000000002,
    101575.91,
    104072.05,
    106399.39,
    109130.46,
    111278.89000000001,
    113881.45999999999,
    116268.3,
    118842.87,
    120578.27,
    122600.86,
    124157.95000000001,
    125461.42000000001,
    126321.42000000001,
    127679.17000000001,
    129291.34,
    130903.13,
    132081.52000000002,
    133886.44,
    135712.13,
    137224.62,
    138743.92,
    140572.21000000002,
    142237.96000000002,
    144431.40000000002,
    146459.77000000002,
    148326.98,
    149695.28,
    151645.61000000002,
    153408.95,
    155687.41,
    157796.88,
    159996.17,
    161944.77,
    163555.75999999998,
    166428.44,
    168402.0,
    170576.46,
    173452.01,
    175955.96000000002,
    178066.78000000003,
    180200.85,
    182440.21000000002,
    185106.37,
    187217.29,
    189701.38,
    192295.18000000002,
    194823.34999999998,
    197902.43,
    201033.16999999998,
    203910.12000000002,
    206297.71000000002,
    209333.75,
    212095.93,
    213921.9,
    216366.84,
    219198.24,
    221968.15,
    224698.56,
    227631.56
  ],
  "success_rate": [
    0.58,
    0.565,
    0.54,
    0.5175,
    0.504,
    0.5,
    0.49714285714285716,
    0.4875,
    0.4955555555555556,
    0.491,
    0.4918181818181818,
    0.4866666666666667,
    0.49230769230769234,
    0.49214285714285716,
    0.49333333333333335,
    0.486875,
    0.4835294117647059,
    0.47444444444444445,
    0.47368421052631576,
    0.477,
    0.4795238095238095,
    0.47909090909090907,
    0.4743478260869565,
    0.4716666666666667,
    0.4732,
    0.475,
    0.47444444444444445,
    0.4739285714285714,
    0.47206896551724137,
    0.47,
    0.4670967741935484,
    0.465625,
    0.46515151515151515,
    0.4647058823529412,
    0.4642857142857143,
    0.46416666666666667,
    0.4643243243243243,
    0.4639473684210526,
    0.4641025641025641,
    0.46425,
    0.4634146341463415,
    0.46190476190476193,
    0.46395348837209305,
    0.4631818181818182,
    0.4642222222222222,
    0.46347826086956523,
    0.46361702127659576,
    0.4633333333333333,
    0.4636734693877551,
    0.4634,
    0.4633333333333333,
    0.46307692307692305,
    0.46056603773584903,
    0.4598148148148148,
    0.45890909090909093,
    0.45785714285714285,
    0.457719298245614,
    0.45655172413793105,
    0.4569491525423729,
    0.45766666666666667,
    0.4583606557377049,
    0.45806451612903226,
    0.45825396825396825,
    0.4578125,
    0.4586153846153846,
    0.4589393939393939,
    0.45791044776119405,
    0.45808823529411763,
    0.45855072463768115,
    0.45785714285714285,
    0.4584507042253521,
    0.4597222222222222,
    0.46013698630136984,
    0.4608108108108108,
    0.4604,
    0.46013157894736845,
    0.4598701298701299,
    0.4594871794871795,
    0.45987341772151896,
    0.460125,
    0.4597530864197531,
    0.45975609756097563,
    0.4604819277108434,
    0.46035714285714285,
    0.4595294117647059,
    0.45825581395348836,
    0.457816091954023,
    0.4578409090909091,
    0.457752808988764,
    0.4578888888888889,
    0.4578021978021978,
    0.4578260869565217,
    0.458494623655914,
    0.45787234042553193,
    0.45757894736842103,
    0.4579166666666667,
    0.4572164948453608,
    0.45755102040816326,
    0.4574747474747475,
    0.4573
  ],