{
  "throughput": [
    1.25,
    1.25,
    2.0,
    2.0,
    1.0,
    1.5,
    1.25,
    0.75,
    0.75,
    0.75,
    0.75,
    1.25,
    1.25,
    1.25,
    1.25,
    0.5,
    1.0,
    1.0,
    0.5,
    0.5,
    0.75,
    1.0,
    0.5,
    1.0,
    0.5,
    0.5,
    0.5,
    0.5,
    1.0,
    0.5,
    0.75,
    0.75,
    0.5,
    0.75,
    0.5,
    0.5,
    0.5,
    0.75,
    1.75,
    1.0,
    0.75,
    0.5,
    1.0,
    1.0,
    0.75,
    0.5,
    0.5,
    0.75,
    0.5,
    1.0,
    1.25,
    1.5,
    0.25,
    0.25,
    0.75,
    0.25,
    0.5,
    0.25,
    0.75,
    0.25,
    0.25,
    0.25,
    0.25,
    0.25,
    0.75,
    1.0,
    1.0,
    1.0,
    1.0,
    1.0,
    1.0,
    1.0,
    1.25,
    2.0,
    0.75,
    0.5,
    2.0,
    0.75,
    0.75,
    0.75,
    0.75,
    0.75,
    0.75,
    0.75,
    0.75,
    0.75,
    0.75,
    0.75,
    0.75,
    0.75,
    2.5,
    0.75,
    0.5,
    0.75,
    0.75,
    0.75,
    0.75,
    0.75,
    2.25,
    1.75
  ],
  "latency": [
    13.04375,
    14.68125,
    15.95,
    17.53125,
    18.975,
    20.3,
    21.599999999999998,
    22.98125,
    24.4125,
    25.7875,
    27.3,
    28.525,
    30.025,
    31.68125,
    32.96875,
    34.4,
    35.98125,
    37.54375,
    38.91875,
    40.09375,
    41.74375,
    43.2875,
    44.83125,
    46.15625,
    47.7625,
    49.38125,
    50.61875,
    51.90625,
    53.325,
    54.68125,
    56.18125,
    57.66875,
    58.8625,
    60.13125,
    61.6125,
    63.09375,
    64.4875,
    65.9375,
    67.09375,
    68.39375,
    69.875,
    71.36875,
    72.7625,
    74.175,
    75.5875,
    76.84375,
    78.4,
    79.90625,
    81.25,
    82.68125,
    84.1875,
    85.625,
    87.20625,
    88.93125,
    90.325,
    91.59375,
    92.85625,
    94.4375,
    95.8125,
    97.5125,
    98.85625,
    100.18125,
    101.7,
    103.15,
    104.84375,
    106.35625,
    108.0375,
    109.625,
    111.13125,
    112.7,
    113.9625,
    115.43124999999999,
    117.03125,
    118.275,
    119.6375,
    121.04375,
    122.45625,
    123.93125,
    125.4125,
    126.6625,
    128.23125,
    129.83125,
    131.3375,
    132.925,
    134.6125,
    136.3125,
    137.71875,
    139.14999999999998,
    140.7,
    142.34375,
    143.7375,
    145.225,
    146.59375,
    148.26875,
    149.71875,
    151.23125000000002,
    152.64375,
    154.21249999999998,
    155.675,
    157.01875
  ],
  "energy_consumption": [
    2661.34,
    4272.860000000001,
    6110.17,
    8411.55,
    11133.57,
    14048.45,
    16537.72,
    18760.350000000002,
    21415.059999999998,
    24047.620000000003,
    25974.68,
    28414.53,
    29882.46,
    32490.63,
    35526.57,
    37018.75,
    39285.28,
    41003.490000000005,
    42876.479999999996,
    44394.520000000004,
    46448.11,
    48393.9,
    49907.54,
    51787.04,
    53233.100000000006,
    55173.72,
    57150.3,
    58723.76,
    60766.36,
    62957.909999999996,
    64449.1,
    65679.54000000001,
    67089.3,
    68754.35,
    70396.86,
    72066.79000000001,
    74200.67,
    75957.69,
    78340.57,
    79933.82,
    81481.06,
    82570.91,
    84201.94,
    86454.47,
    88134.1,
    90019.02,
    91747.46,
    94200.85,
    95653.26999999999,
    97413.14000000001,
    99070.39000000001,
    100773.14000000001,
    102082.59,
    102985.81,
    104504.81,
    105985.6,
    107609.27000000002,
    108921.80000000002,
    110794.98000000001,
    111887.42000000001,
    113369.26999999999,
    114559.64000000001,
    116062.73000000001,
    117499.72,
    119413.28,
    121668.98999999999,
    123950.81999999999,
    126902.35,
    130120.33,
    132594.94999999998,
    135365.14,
    137413.41,
    139877.68,
    141995.45,
    143763.01,
    145220.26,
    146977.84999999998,
    149097.06,
    151569.27000000002,
    154484.06,
    155914.15,
    158024.3,
    160775.85,
    163038.57,
    165323.94,
    167398.96000000002,
    169394.35,
    171810.54,
    173871.62999999998,
    175813.00999999998,
    178654.03,
    181091.19,
    182716.16,
    184536.60000000003,
    186979.84000000003,
    189396.86,
    191279.56,
    193446.44999999998,
    195712.3,
    198242.23
  ],
  "success_rate": [
    0.6,
    0.5,
    0.51,
    0.4925,
    0.492,
    0.49666666666666665,
    0.49714285714285716,
    0.49375,
    0.49,
    0.488,
    0.48454545454545456,
    0.4875,
    0.4815384615384615,
    0.4735714285714286,
    0.4746666666666667,
    0.4725,
    0.4723529411764706,
    0.4683333333333333,
    0.4673684210526316,
    0.47,
    0.46523809523809523,
    0.4622727272727273,
    0.45869565217391306,
    0.45958333333333334,
    0.458,
    0.4546153846153846,
    0.4562962962962963,
    0.45714285714285713,
    0.45655172413793105,
    0.45666666666666667,
    0.45483870967741935,
    0.453125,
    0.45454545454545453,
    0.4555882352941176,
    0.45457142857142857,
    0.45361111111111113,
    0.4535135135135135,
    0.4531578947368421,
    0.4553846153846154,
    0.456,
    0.4548780487804878,
    0.45380952380952383,
    0.45325581395348835,
    0.4531818181818182,
    0.4528888888888889,
    0.4534782608695652,
    0.4525531914893617,
    0.4529166666666667,
    0.45285714285714285,
    0.4528,
    0.4519607843137255,
    0.45153846153846156,
    0.45,
    0.44796296296296295,
    0.44781818181818184,
    0.44857142857142857,
    0.4492982456140351,
    0.44810344827586207,
    0.44813559322033897,
    0.446,
    0.4462295081967213,
    0.44629032258064516,
    0.44555555555555554,
    0.4453125,
    0.44446153846153846,
    0.4442424242424242,
    0.4435820895522388,
    0.4435294117647059,
    0.4439130434782609,
    0.444,
    0.44549295774647885,
    0.4459722222222222,
    0.44602739726027396,
    0.44756756756756755,
    0.4476,
    0.4473684210526316,
    0.4477922077922078,
    0.44794871794871793,
    0.4481012658227848,
    0.449125,
    0.4488888888888889,
    0.44853658536585367,
    0.4485542168674699,
    0.44821428571428573,
    0.4475294117647059,
    0.4467441860465116,
    0.4471264367816092,
    0.4475,
    0.44741573033707865,
    0.4468888888888889,
    0.44769230769230767,
    0.44782608695652176,
    0.4481720430107527,
    0.4475531914893617,
    0.4476842105263158,
    0.4477083333333333,
    0.4479381443298969,
    0.4477551020408163,
    0.447979797979798,
    0.4487
  ],