{
  "throughput": [
    1.25,
    2.25,
    2.0,
    1.5,
    1.75,
    1.25,
    1.0,
    1.75,
    1.25,
    1.0,
    1.25,
    0.75,
    0.75,
    1.25,
    1.5,
    1.0,
    1.0,
    1.5,
    1.25,
    1.0,
    1.5,
    1.0,
    1.75,
    1.25,
    1.75,
    2.0,
    1.25,
    1.0,
    1.25,
    2.0,
    1.25,
    1.0,
    1.0,
    2.0,
    1.25,
    1.25,
    0.75,
    1.0,
    1.75,
    1.75,
    1.75,
    1.0,
    1.5,
    2.0,
    1.0,
    1.5,
    1.25,
    1.5,
    1.0,
    2.25,
    1.75,
    1.0,
    1.5,
    0.75,
    1.0,
    2.5,
    2.25,
    0.75,
    1.0,
    1.0,
    0.75,
    0.75,
    0.75,
    1.25,
    1.25,
    1.25,
    1.0,
    1.75,
    2.5,
    2.0,
    0.75,
    2.0,
    1.75,
    1.75,
    1.75,
    2.25,
    1.75,
    2.0,
    2.25,
    2.0,
    2.0,
    1.75,
    2.25,
    2.0,
    0.75,
    2.0,
    0.5,
    0.75,
    2.5,
    1.0,
    0.75,
    1.0,
    1.25,
    0.75,
    1.0,
    0.25,
    0.75,
    0.75,
    0.75,
    0.5
  ],
  "latency": [
    14.59375,
    15.6875,
    16.625,
    17.28125,
    18.25,
    19.5,
    20.34375,
    21.34375,
    22.625,
    23.84375,
    24.84375,
    26.09375,
    27.0625,
    28.53125,
    29.53125,
    30.59375,
    31.59375,
    32.5625,
    33.625,
    34.46875,
    35.4375,
    36.375,
    37.34375,
    38.34375,
    39.46875,
    40.5,
    41.3125,
    42.375,
    43.15625,
    43.875,
    44.96875,
    45.90625,
    46.90625,
    47.75,
    48.96875,
    49.93749999999999,
    51.15625,
    51.90625,
    53.03125,
    54.09375,
    54.96875,
    56.34375,
    57.34375,
    58.15625,
    59.0625,
    60.1875,
    61.28125,
    62.34375,
    63.25,
    64.125,
    64.90625,
    65.78125,
    66.4375,
    67.5,
    68.1875,
    69.125,
    70.0625,
    71.03125,
    72.0625,
    73.09375,
    73.875,
    74.9375,
    75.9375,
    77.15625,
    78.28125,
    79.21875,
    80.28125,
    81.28125,
    82.5625,
    83.75,
    84.78125,
    85.625,
    86.46875,
    87.34375,
    88.125,
    88.78125,
    89.5,
    90.375,
    91.09375,
    92.03125000000001,
    92.78125,
    93.6875,
    94.28125,
    95.09375,
    96.125,
    96.96875,
    97.84375,
    98.5,
    99.40625,
    100.3125,
    101.375,
    102.4375,
    103.1875,
    104.21875,
    104.90625,
    106.0625,
    107.0625,
    108.3125,
    109.5625,
    110.53125
  ],
  "energy_consumption": [
    2411.46,
    4842.23,
    6830.35,
    9465.210000000001,
    11818.27,
    14017.550000000001,
    16629.75,
    19470.78,
    21735.3,
    24265.250000000004,
    27089.32,
    28969.4,
    31541.600000000002,
    33654.87,
    36826.119999999995,
    39855.91,
    43104.61,
    46386.020000000004,
    49371.2,
    52981.560000000005,
    56404.530000000006,
    59185.34,
    62116.84999999999,
    65373.899999999994,
    68791.1,
    71748.63,
    75012.54000000001,
    78061.39000000001,
    80682.95999999999,
    83428.35,
    85989.76,
    89612.37000000001,
    92175.93000000001,
    95437.72,
    98280.79999999999,
    101350.05999999998,
    103962.15999999999,
    106567.43000000001,
    109134.52000000002,
    112103.7,
    115558.76,
    118886.85,
    121726.65,
    123880.07,
    126721.22,
    129726.49,
    132689.33,
    135112.84000000003,
    137772.95,
    140625.43,
    143195.74,
    145872.13999999998,
    149297.19,
    151881.45,
    154633.51,
    157523.18,
    160253.59,
    162748.74,
    165260.63,
    167785.41000000003,
    170671.27000000002,
    172511.58000000002,
    175170.08,
    178366.46,
    180806.87999999998,
    183229.4,
    185274.34,
    187468.72,
    189557.12999999998,
    191783.38999999998,
    193839.38999999998,
    195818.21,
    198146.67,
    200735.96000000002,
    203275.39,
    205755.46000000002,
    208469.15,
    211119.2,
    214307.93,
    217233.27000000002,
    220183.42,
    222567.11000000002,
    225608.53,
    228148.01,
    230248.72,
    232249.69,
    234157.08000000002,
    236880.18,
    239197.10000000003,
    241819.32,
    243357.68000000002,
    244956.46,
    247283.71,
    248722.68000000002,
    250212.68000000002,
    251762.99000000002,
    253600.88,
    255300.19999999998,
    256971.62999999998,
    259080.7
  ],
  "success_rate": [
    0.29,
    0.45,
    0.5133333333333333,
    0.5675,
    0.59,
    0.5883333333333334,
    0.6085714285714285,
    0.6175,
    0.6144444444444445,
    0.614,
    0.62,
    0.6175,
    0.6230769230769231,
    0.6157142857142858,
    0.62,
    0.62,
    0.6211764705882353,
    0.6227777777777778,
    0.6226315789473684,
    0.626,
    0.6271428571428571,
    0.6286363636363637,
    0.6295652173913043,
    0.63,
    0.6288,
    0.6288461538461538,
    0.6314814814814815,
    0.6310714285714286,
    0.633448275862069,
    0.6366666666666667,
    0.635483870967742,
    0.63625,
    0.6363636363636364,
    0.6379411764705882,
    0.636,
    0.6366666666666667,
    0.6345945945945946,
    0.636578947368421,
    0.6356410256410256,
    0.63525,
    0.6360975609756098,
    0.6333333333333333,
    0.6334883720930232,
    0.6347727272727273,
    0.6351111111111111,
    0.6352173913043478,
    0.6346808510638298,
    0.6341666666666667,
    0.6348979591836734,
    0.6356,
    0.6368627450980392,
    0.6378846153846154,
    0.640188679245283,
    0.6398148148148148,
    0.6416363636363637,
    0.6421428571428571,
    0.6426315789473684,
    0.6425862068965518,
    0.6422033898305085,
    0.642,
    0.6431147540983606,
    0.6425806451612903,
    0.6425396825396825,
    0.6415625,
    0.6409230769230769,
    0.6418181818181818,
    0.6420895522388059,
    0.6426470588235295,
    0.6418840579710144,
    0.6415714285714286,
    0.6418309859154929,
    0.6422222222222222,
    0.6426027397260274,
    0.6428378378378379,
    0.6434666666666666,
    0.6446052631578948,
    0.6454545454545455,
    0.6457692307692308,
    0.6465822784810127,
    0.646625,
    0.6474074074074074,
    0.6474390243902439,
    0.6485542168674698,
    0.6490476190476191,
    0.6485882352941177,
    0.6488372093023256,
    0.6487356321839081,
    0.6496590909090909,
    0.6497752808988764,
    0.6497777777777778,
    0.6493406593406593,
    0.648804347826087,
    0.6494623655913978,
    0.6490425531914894,
    0.6497894736842105,
    0.6489583333333333,
    0.648659793814433,
    0.6476530612244898,
    0.6465656565656566,
    0.6464
  ],