{
  "throughput": [
    1.75,
    1.0,
    1.0,
    1.0,
    1.5,
    1.0,
    1.5,
    1.25,
    2.0,
    1.0,
    0.75,
    1.0,
    1.0,
    1.25,
    1.0,
    1.75,
    1.25,
    1.0,
    2.0,
    1.5,
    1.0,
    1.0,
    2.5,
    1.5,
    1.25,
    2.0,
    1.0,
    1.5,
    1.25,
    0.75,
    1.25,
    1.5,
    1.0,
    1.0,
    1.0,
    1.0,
    1.0,
    1.25,
    2.25,
    1.5,
    1.0,
    1.0,
    1.0,
    1.0,
    0.75,
    1.0,
    2.5,
    1.25,
    2.0,
    1.0,
    1.25,
    0.75,
    1.25,
    1.5,
    1.25,
    2.25,
    1.0,
    1.0,
    1.0,
    1.25,
    1.25,
    1.25,
    2.25,
    1.25,
    1.5,
    2.0,
    2.0,
    1.75,
    1.75,
    1.25,
    1.5,
    1.25,
    1.5,
    0.5,
    0.5,
    0.0,
    0.5,
    0.25,
    0.25,
    0.0,
    0.25,
    1.25,
    0.25,
    0.5,
    1.25,
    1.0,
    1.5,
    0.5,
    1.0,
    1.0,
    1.0,
    1.25,
    1.0,
    1.25,
    1.0,
    1.0,
    0.5,
    1.0,
    0.75,
    1.25
  ],
  "latency": [
    13.5,
    14.75,
    15.331249999999997,
    15.85625,
    16.40625,
    17.01875,
    17.71875,
    18.3625,
    18.55,
    19.0875,
    19.73125,
    20.29375,
    20.875,
    21.3,
    21.83125,
    22.3375,
    22.79375,
    23.3125,
    23.65,
    24.3,
    24.79375,
    25.58125,
    26.0625,
    26.3375,
    26.981250000000003,
    27.418750000000003,
    28.025,
    28.71875,
    29.2,
    29.768749999999997,
    30.106250000000003,
    30.68125,
    31.224999999999998,
    31.64375,
    32.2375,
    32.55,
    32.956250000000004,
    33.6,
    33.931250000000006,
    34.41875,
    34.95625,
    35.41875,
    35.925,
    36.68125,
    37.10625,
    37.74375,
    38.24375,
    38.9,
    39.43125,
    40.01875,
    40.44375,
    40.99375,
    41.59375,
    42.20625,
    42.65625,
    43.2375,
    43.85625,
    44.55625,
    45.09375,
    45.425,
    46.1875,
    46.6625,
    47.11875,
    47.6375,
    48.09375,
    48.4875,
    48.59375,
    48.73125,
    48.86875,
    49.1625,
    49.525000000000006,
    49.63125,
    49.80625,
    50.30625,
    50.70625,
    50.931250000000006,
    51.3375,
    51.6,
    51.912499999999994,
    52.275,
    52.8,
    53.4375,
    54.20625,
    54.64375,
    55.18125,
    55.64375,
    56.106249999999996,
    56.48125,
    57.131249999999994,
    57.75625,
    58.225,
    58.775,
    59.39375,
    59.80625,
    60.325,
    60.78125,
    61.34375,
    61.875,
    62.2125,
    62.84375
  ],
  "energy_consumption": [
    1899.94,
    4707.6,
    7372.299999999999,
    10789.17,
    14355.800000000001,
    17360.670000000002,
    20651.300000000003,
    24510.46,
    28089.46,
    30942.18,
    34035.04,
    37241.66,
    40753.299999999996,
    44028.42999999999,
    47460.770000000004,
    51221.00000000001,
    54200.72,
    57512.01,
    61269.06,
    64227.75,
    67797.17000000001,
    71556.61,
    75020.23,
    78601.58000000002,
    81626.45,
    85387.47,
    88890.77,
    92438.4,
    96114.39,
    99160.07,
    102910.44,
    106306.02000000002,
    109512.73000000001,
    112969.77,
    116365.51999999999,
    120137.7,
    123946.63,
    127476.47,
    130613.18,
    133666.76,
    137358.65000000002,
    140824.41999999998,
    144120.81,
    147604.77000000002,
    150608.38999999998,
    154063.47999999998,
    156897.52000000002,
    160692.7,
    164011.27000000002,
    167259.21,
    170872.94,
    173951.87,
    177535.90999999997,
    180986.68,
    184675.49,
    188525.94,
    191799.51,
    194727.86000000002,
    198086.02000000002,
    201224.97999999998,
    204442.54,
    207788.64,
    211219.41999999998,
    214090.07,
    217004.52000000002,
    220503.2,
    224280.21,
    227027.51,
    230012.32,
    232065.55,
    233705.55,
    235525.55,
    237305.55,
    238835.55,
    240535.55,
    242215.55,
    244768.46000000002,
    246548.46000000002,
    248859.25,
    250439.25,
    252356.2,
    254505.36,
    256492.45,
    259372.71999999997,
    262067.15,
    264694.27999999997,
    267737.75,
    270244.13,
    272668.83,
    275364.53,
    278137.14,
    281639.24,
    284696.89,
    287870.13,
    290442.84,
    294019.91,
    296801.89,
    300106.02999999997,
    303319.49,
    306425.67
  ],
  "success_rate": [
    0.46,
    0.525,
    0.6133333333333333,
    0.665,
    0.694,
    0.71,
    0.7185714285714285,
    0.7275,
    0.75,
    0.757,
    0.759090909090909,
    0.7633333333333333,
    0.7669230769230769,
    0.7735714285714286,
    0.7766666666666666,
    0.779375,
    0.7829411764705883,
    0.7855555555555556,
    0.7905263157894736,
    0.79,
    0.7923809523809524,
    0.79,
    0.7921739130434783,
    0.7970833333333334,
    0.7964,
    0.7976923076923077,
    0.7977777777777778,
    0.7967857142857143,
    0.7982758620689655,
    0.7983333333333333,
    0.8012903225806451,
    0.80125,
    0.8018181818181818,
    0.8035294117647059,
    0.8034285714285714,
    0.8058333333333333,
    0.8072972972972973,
    0.8065789473684211,
    0.8087179487179487,
    0.8095,
    0.8095121951219513,
    0.8104761904761905,
    0.8109302325581396,
    0.8095454545454546,
    0.8104444444444444,
    0.8097826086956522,
    0.8102127659574468,
    0.8095833333333333,
    0.809795918367347,
    0.8096,
    0.8105882352941176,
    0.8105769230769231,
    0.810377358490566,
    0.81,
    0.8107272727272727,
    0.8105357142857142,
    0.8101754385964912,
    0.8093103448275862,
    0.8094915254237288,
    0.8108333333333333,
    0.8098360655737705,
    0.8103225806451613,
    0.810952380952381,
    0.81109375,
    0.8116923076923077,
    0.8124242424242424,
    0.8135820895522388,
    0.8139705882352941,
    0.8150724637681159,
    0.8144285714285714,
    0.8140845070422535,
    0.8147222222222222,
    0.8153424657534246,
    0.8141891891891891,
    0.814,
    0.8143421052631579,
    0.814025974025974,
    0.8143589743589743,
    0.8143037974683545,
    0.813875,
    0.8133333333333334,
    0.812560975609756,
    0.8118072289156627,
    0.8121428571428572,
    0.8118823529411765,
    0.8118604651162791,
    0.8122988505747126,
    0.8128409090909091,
    0.8123595505617978,
    0.8121111111111111,
    0.8120879120879121,
    0.8121739130434783,
    0.8118279569892473,
    0.8123404255319149,
    0.8125263157894737,
    0.8128125,
    0.8125773195876289,
    0.8124489795918367,
    0.8131313131313131,
    0.8128
  ],