{
  "throughput": [
    0.5,
    0.5,
    0.5,
    0.75,
    0.5,
    0.5,
    0.25,
    0.5,
    0.5,
    0.5,
    0.5,
    0.75,
    0.5,
    0.5,
    0.5,
    0.5,
    0.75,
    0.5,
    0.5,
    0.5,
    0.5,
    0.5,
    0.5,
    0.5,
    0.5,
    0.5,
    0.75,
    0.25,
    0.5,
    0.5,
    0.5,
    0.5,
    0.25,
    0.5,
    0.75,
    0.5,
    0.5,
    0.25,
    0.5,
    0.5,
    0.5,
    0.5,
    0.5,
    0.5,
    0.5,
    0.25,
    0.5,
    0.5,
    0.5,
    0.25,
    0.75,
    0.5,
    0.5,
    0.5,
    0.25,
    0.25,
    0.25,
    0.5,
    0.25,
    0.25,
    0.25,
    0.25,
    0.25,
    0.5,
    0.25,
    0.5,
    0.25,
    0.0,
    0.5,
    0.25,
    0.25,
    0.25,
    0.25,
    0.5,
    0.5,
    0.0,
    0.25,
    0.25,
    0.25,
    0.5,
    0.5,
    0.25,
    0.25,
    0.25,
    0.25,
    0.5,
    0.25,
    0.5,
    0.25,
    0.25,
    0.25,
    0.25,
    0.0,
    0.25,
    0.25,
    0.25,
    0.25,
    0.25,
    0.25,
    0.5
  ],
  "latency": [
    11.793750000000001,
    12.3,
    12.600000000000001,
    13.1125,
    13.481250000000001,
    14.1375,
    14.43125,
    14.925,
    15.4125,
    16.175,
    16.7625,
    17.118750000000002,
    17.5875,
    17.9125,
    18.46875,
    19.125,
    19.525,
    20.056250000000002,
    20.487500000000004,
    20.706249999999997,
    21.38125,
    21.8125,
    22.106250000000003,
    22.58125,
    23.187500000000004,
    23.6875,
    24.0125,
    24.543750000000003,
    25.0125,
    25.65625,
    26.28125,
    26.69375,
    27.25625,
    27.725,
    28.081249999999997,
    28.681250000000002,
    29.36875,
    29.75,
    30.13125,
    30.500000000000004,
    31.1,
    31.6875,
    32.16875,
    32.80625,
    33.4,
    33.8625,
    34.4125,
    35.08125,
    35.475,
    36.05,
    36.68125,
    37.1375,
    37.79375,
    38.3625,
    39.0375,
    39.599999999999994,
    40.0875,
    40.825,
    41.587500000000006,
    42.15,
    42.45,
    43.0625,
    43.75625,
    44.6,
    45.10625,
    45.84375,
    46.4375,
    47.2,
    47.71875,
    48.20625,
    48.75000000000001,
    49.287499999999994,
    49.89375,
    50.45625,
    51.20625,
    51.856249999999996,
    52.4875,
    52.912499999999994,
    53.65625,
    54.112500000000004,
    54.775,
    55.287499999999994,
    55.74374999999999,
    56.4375,
    56.993750000000006,
    57.475,
    58.03124999999999,
    58.8,
    59.33125,
    59.8875,
    60.46875,
    60.95,
    61.59375,
    62.15625,
    62.8875,
    63.6875,
    64.26875,
    64.95,
    65.50625,
    65.8375
  ],
  "energy_consumption": [
    2617.33,
    5407.77,
    8040.290000000001,
    11195.220000000001,
    13868.71,
    16237.87,
    18647.95,
    21394.120000000003,
    24232.35,
    26886.95,
    29544.39,
    32609.730000000003,
    35502.54,
    38025.090000000004,
    40182.03999999999,
    42864.57,
    46131.78,
    48435.17,
    51037.200000000004,
    53989.37,
    56384.630000000005,
    59306.11,
    62372.98,
    64856.74,
    67447.44,
    69807.4,
    73064.63,
    75091.05,
    77694.97,
    79779.40000000001,
    82703.59000000001,
    85609.94,
    88001.72,
    90589.75,
    94072.38,
    96261.12999999999,
    98433.42,
    100617.51999999999,
    103505.84,
    106280.62999999999,
    109038.54000000001,
    111538.16,
    114245.21,
    116503.04000000001,
    119155.40000000001,
    121372.72,
    123792.84,
    125892.87,
    128602.40000000001,
    130729.23,
    134328.02,
    137240.86,
    139436.3,
    141796.43,
    143682.24,
    146008.0,
    147998.8,
    150375.28999999998,
    152566.96000000002,
    154704.8,
    157101.41999999998,
    159325.49,
    161141.51,
    163776.15999999997,
    165934.86,
    168631.68,
    170570.01,
    172090.01,
    175052.95,
    177213.99,
    179572.01,
    181564.7,
    183619.45,
    186315.12,
    188687.69,
    190407.69,
    192546.53999999998,
    194606.37,
    196568.27000000002,
    199567.95,
    201912.33000000002,
    204059.83000000002,
    206205.95,
    208247.68,
    210138.78999999998,
    212651.75,
    214641.21000000002,
    216985.93,
    219387.02,
    221557.77,
    223808.21,
    226216.66,
    227796.66,
    229904.99999999997,
    231845.75999999998,
    233873.81999999998,
    235931.83,
    237821.58,
    239720.78999999998,
    242631.31
  ],
  "success_rate": [
    0.8,
    0.815,
    0.84,
    0.8325,
    0.84,
    0.8283333333333334,
    0.8371428571428572,
    0.835,
    0.8344444444444444,
    0.824,
    0.8209090909090909,
    0.8258333333333333,
    0.8261538461538461,
    0.83,
    0.828,
    0.824375,
    0.8264705882352941,
    0.8255555555555556,
    0.8268421052631579,
    0.8315,
    0.8280952380952381,
    0.8290909090909091,
    0.8317391304347826,
    0.8316666666666667,
    0.8296,
    0.8292307692307692,
    0.8311111111111111,
    0.8303571428571429,
    0.8303448275862069,
    0.8283333333333334,
    0.8264516129032258,
    0.8271875,
    0.8263636363636364,
    0.8264705882352941,
    0.8277142857142857,
    0.8266666666666667,
    0.8248648648648649,
    0.8257894736842105,
    0.8269230769230769,
    0.82825,
    0.8273170731707317,
    0.8264285714285714,
    0.8265116279069767,
    0.8254545454545454,
    0.8248888888888889,
    0.8252173913043478,
    0.8246808510638298,
    0.8235416666666666,
    0.8242857142857143,
    0.8234,
    0.8223529411764706,
    0.8226923076923077,
    0.8216981132075472,
    0.8212962962962963,
    0.82,
    0.8196428571428571,
    0.8196491228070175,
    0.8181034482758621,
    0.8166101694915254,
    0.8163333333333334,
    0.8175409836065574,
    0.8167741935483871,
    0.8157142857142857,
    0.81390625,
    0.8141538461538461,
    0.813030303030303,
    0.8126865671641791,
    0.8116176470588236,
    0.8117391304347826,
    0.812,
    0.8119718309859155,
    0.8119444444444445,
    0.8115068493150684,
    0.8113513513513514,
    0.8102666666666667,
    0.8096052631578947,
    0.8092207792207792,
    0.8097435897435897,
    0.8088607594936709,
    0.80925,
    0.808641975308642,
    0.8087804878048781,
    0.8090361445783133,
    0.8083333333333333,
    0.808235294117647,
    0.8083720930232559,
    0.8082758620689655,
    0.8073863636363636,
    0.8074157303370787,
    0.8074444444444444,
    0.8073626373626374,
    0.8075,
    0.806989247311828,
    0.8068085106382978,
    0.8061052631578948,
    0.8052083333333333,
    0.8051546391752578,
    0.8045918367346939,
    0.8046464646464646,
    0.8054
  ],