{
  "throughput": [
    0.75,
    0.75,
    0.5,
    0.75,
    0.75,
    0.75,
    0.75,
    0.75,
    0.5,
    0.5,
    0.75,
    0.75,
    0.5,
    0.75,
    0.75,
    0.75,
    0.75,
    0.75,
    0.5,
    1.0,
    0.5,
    0.75,
    0.5,
    0.75,
    0.75,
    0.5,
    0.75,
    0.75,
    0.75,
    1.0,
    0.75,
    0.75,
    0.75,
    0.75,
    0.75,
    1.0,
    0.75,
    0.75,
    0.5,
    0.75,
    0.75,
    1.0,
    1.0,
    1.0,
    1.0,
    1.0,
    0.75,
    1.0,
    0.75,
    1.0,
    1.0,
    1.0,
    1.0,
    1.0,
    0.75,
    0.75,
    1.0,
    1.0,
    1.0,
    1.0,
    0.75,
    1.0,
    1.0,
    1.0,
    1.0,
    0.75,
    1.0,
    1.0,
    1.0,
    0.5,
    0.5,
    1.0,
    1.0,
    1.0,
    0.75,
    0.75,
    1.0,
    1.0,
    1.0,
    0.75,
    1.0,
    1.0,
    0.75,
    1.0,
    1.0,
    1.0,
    0.75,
    1.0,
    0.75,
    1.0,
    1.0,
    1.0,
    1.0,
    1.0,
    1.0,
    1.0,
    1.0,
    1.0,
    0.75,
    0.75
  ],
  "latency": [
    12.2375,
    12.78125,
    13.23125,
    13.9125,
    14.46875,
    14.8,
    15.24375,
    15.69375,
    16.425,
    17.00625,
    17.625,
    18.3125,
    18.9625,
    19.6375,
    20.1125,
    20.4875,
    20.975,
    21.56875,
    22.2,
    22.6625,
    23.175,
    23.6625,
    24.3,
    24.6875,
    25.299999999999997,
    25.83125,
    26.375,
    26.81875,
    27.175,
    27.5125,
    28.05625,
    28.50625,
    29.0,
    29.3625,
    29.75625,
    30.15625,
    30.575,
    31.05625,
    31.45,
    32.075,
    32.56875,
    33.1,
    33.625,
    34.18125,
    34.6,
    35.025,
    35.5625,
    36.04375,
    36.45,
    36.99375,
    37.5,
    37.86875,
    38.6875,
    39.24375,
    39.7375,
    40.1,
    40.35,
    40.66875,
    41.15625,
    41.725,
    42.2375,
    42.575,
    43.11875,
    43.7,
    44.03125,
    44.48125,
    44.95625,
    45.3375,
    45.8875,
    46.25625,
    46.53125,
    47.08125,
    47.599999999999994,
    48.01875,
    48.375,
    48.75,
    49.1,
    49.53125,
    49.95,
    50.55,
    50.88125,
    51.2875,
    52.037499999999994,
    52.45625,
    53.099999999999994,
    53.36875,
    53.90625,
    54.337500000000006,
    54.9,
    55.475,
    55.993750000000006,
    56.568749999999994,
    56.975,
    57.38125,
    57.875,
    58.2,
    58.68125,
    59.10625,
    59.4625,
    59.925
  ],
  "energy_consumption": [
    3533.7200000000003,
    6508.570000000001,
    9122.150000000001,
    11914.36,
    15253.03,
    18218.14,
    21599.41,
    25019.07,
    27831.59,
    30526.15,
    32943.58,
    35629.83,
    38102.17,
    40565.4,
    43693.229999999996,
    47159.54,
    50393.63,
    53600.26,
    56113.89,
    59915.32,
    62518.1,
    65680.26000000001,
    68207.25,
    71666.01999999999,
    74817.45999999999,
    77787.84,
    80577.58,
    83762.62,
    86767.15,
    90153.77000000002,
    93074.17,
    96005.99,
    98752.89000000001,
    101733.95999999999,
    104773.78000000001,
    108205.62,
    111568.83,
    115025.25,
    117663.49,
    120389.40000000001,
    123509.63,
    127165.02000000002,
    130504.94,
    134028.82,
    137701.5,
    141689.65,
    145156.26,
    148574.63,
    151876.43,
    155151.08000000002,
    158768.95,
    162670.21,
    165901.86000000002,
    169851.66999999998,
    172812.91,
    175822.05,
    179439.94,
    183080.65999999997,
    186461.87,
    190110.5,
    193001.94,
    196717.0,
    200115.24,
    203788.76,
    207812.16,
    210506.53,
    214068.00999999998,
    217610.55000000002,
    221520.85,
    224477.52,
    227370.11000000002,
    230932.43,
    234427.78999999998,
    237363.41,
    240088.07,
    242993.25,
    246626.71000000002,
    250327.48,
    254233.49,
    257580.62000000002,
    261225.67000000004,
    265060.64,
    267789.26,
    271781.33999999997,
    275212.56,
    278909.29000000004,
    282007.64,
    285820.34,
    288748.63,
    292497.63,
    296211.36,
    299336.86,
    303162.59,
    307051.23,
    310424.26,
    314003.1,
    317387.82999999996,
    320771.63,
    324011.55000000005,
    327175.29
  ],
  "success_rate": [
    0.87,
    0.845,
    0.8466666666666667,
    0.8275,
    0.824,
    0.835,
    0.8371428571428572,
    0.83875,
    0.8277777777777777,
    0.825,
    0.8218181818181818,
    0.8175,
    0.8138461538461539,
    0.8114285714285714,
    0.8133333333333334,
    0.816875,
    0.8176470588235294,
    0.8166666666666667,
    0.8142105263157895,
    0.8155,
    0.8152380952380952,
    0.8159090909090909,
    0.8143478260869565,
    0.8166666666666667,
    0.816,
    0.8157692307692308,
    0.8159259259259259,
    0.8171428571428572,
    0.8189655172413793,
    0.8213333333333334,
    0.8212903225806452,
    0.8221875,
    0.8224242424242424,
    0.8238235294117647,
    0.8248571428571428,
    0.8258333333333333,
    0.8264864864864865,
    0.8268421052631579,
    0.8276923076923077,
    0.8265,
    0.8268292682926829,
    0.8266666666666667,
    0.8265116279069767,
    0.8261363636363637,
    0.8268888888888889,
    0.827391304347826,
    0.8270212765957446,
    0.8272916666666666,
    0.8279591836734694,
    0.8278,
    0.827843137254902,
    0.8288461538461539,
    0.8269811320754717,
    0.8266666666666667,
    0.8267272727272728,
    0.8275,
    0.8289473684210527,
    0.83,
    0.8301694915254237,
    0.8298333333333333,
    0.8298360655737705,
    0.8306451612903226,
    0.8304761904761905,
    0.83015625,
    0.831076923076923,
    0.8313636363636364,
    0.8314925373134329,
    0.8320588235294117,
    0.8318840579710145,
    0.8321428571428572,
    0.8329577464788732,
    0.8327777777777777,
    0.8326027397260274,
    0.832972972972973,
    0.8336,
    0.8339473684210527,
    0.8345454545454546,
    0.8347435897435898,
    0.8350632911392405,
    0.834375,
    0.8350617283950618,
    0.8353658536585366,
    0.8343373493975904,
    0.8346428571428571,
    0.8341176470588235,
    0.835,
    0.8348275862068966,
    0.835,
    0.8347191011235955,
    0.8344444444444444,
    0.8343956043956045,
    0.8341304347826087,
    0.8344086021505376,
    0.8347872340425532,
    0.8348421052631579,
    0.8354166666666667,
    0.8354639175257732,
    0.8357142857142857,
    0.8361616161616162,
    0.8362
  ],