{
  "throughput": [
    0.5,
    2.5,
    2.75,
    2.75,
    2.25,
    2.0,
    1.5,
    1.25,
    1.75,
    1.0,
    1.25,
    1.0,
    0.75,
    1.25,
    2.0,
    1.25,
    0.5,
    1.0,
    2.0,
    1.25,
    1.0,
    1.25,
    1.5,
    2.25,
    1.75,
    0.75,
    1.0,
    1.0,
    1.0,
    1.25,
    1.5,
    1.75,
    0.75,
    1.25,
    1.5,
    1.0,
    1.0,
    1.75,
    0.75,
    1.5,
    1.25,
    0.75,
    1.0,
    1.0,
    1.25,
    1.75,
    0.75,
    1.0,
    0.75,
    0.75,
    1.0,
    1.0,
    1.5,
    0.75,
    2.0,
    1.25,
    1.0,
    0.75,
    1.0,
    1.0,
    1.0,
    1.0,
    1.25,
    1.25,
    1.25,
    0.5,
    0.5,
    0.75,
    0.75,
    2.0,
    0.5,
    0.5,
    1.0,
    0.5,
    0.5,
    0.75,
    2.0,
    1.5,
    0.25,
    0.25,
    0.25,
    0.5,
    1.0,
    0.75,
    0.5,
    0.5,
    0.5,
    0.5,
    0.25,
    0.75,
    0.75,
    1.75,
    1.75,
    1.75,
    1.75,
    1.25,
    0.75,
    1.0,
    2.75,
    1.0
  ],
  "latency": [
    12.1375,
    13.174999999999999,
    14.274999999999999,
    14.893749999999999,
    15.53125,
    16.46875,
    17.39375,
    18.39375,
    19.34375,
    20.325,
    21.4875,
    22.3375,
    23.40625,
    24.206249999999997,
    24.96875,
    26.025,
    27.2375,
    28.05,
    28.85,
    29.98125,
    30.743750000000002,
    31.893749999999997,
    32.7,
    33.29375,
    34.35,
    35.28125,
    36.300000000000004,
    37.2625,
    38.2375,
    39.025,
    40.1,
    41.41875,
    42.268750000000004,
    43.0625,
    43.99375,
    44.81875,
    45.88125,
    46.9375,
    47.987500000000004,
    48.94375,
    49.94375,
    51.05,
    51.99375,
    52.9125,
    53.806250000000006,
    54.525,
    55.456250000000004,
    56.40625,
    57.3,
    58.0,
    59.143750000000004,
    60.18125,
    61.20625,
    62.181250000000006,
    62.96875,
    64.075,
    64.96875,
    65.9,
    66.75,
    67.48125,
    68.4125,
    69.33125,
    70.0375,
    70.61875,
    71.19375,
    72.16875,
    73.17500000000001,
    74.05,
    74.96875,
    75.9,
    76.9875,
    78.05,
    79.1875,
    80.1625,
    81.33125,
    82.5375,
    83.33749999999999,
    83.98750000000001,
    84.9875,
    85.68125,
    86.4375,
    87.1125,
    88.4375,
    89.575,
    90.775,
    91.74374999999999,
    92.89375,
    94.02499999999999,
    95.1,
    96.1875,
    97.44375000000001,
    98.32499999999999,
    99.3125,
    100.35,
    101.2375,
    102.18124999999999,
    103.4,
    104.56875,
    105.21875,
    106.15625
  ],
  "energy_consumption": [
    2173.2599999999998,
    4707.49,
    7715.33,
    10471.3,
    13668.05,
    16417.64,
    18643.67,
    21266.68,
    24276.55,
    26536.809999999998,
    29081.8,
    31513.97,
    33819.04,
    36850.74,
    40027.76,
    42253.61,
    44355.27,
    46997.75,
    49558.1,
    51625.840000000004,
    54462.479999999996,
    56911.92,
    59521.31,
    62445.21,
    65419.49,
    67772.26999999999,
    70408.1,
    73111.82999999999,
    75557.81,
    78268.97,
    81171.56999999999,
    83803.70999999999,
    86805.79000000001,
    90034.96999999999,
    92698.15999999999,
    95657.04,
    97672.09,
    100154.14,
    102914.87000000001,
    105335.99,
    107753.33,
    110281.11,
    113255.59999999999,
    115730.71,
    119215.88,
    122041.93999999999,
    124177.15999999999,
    126495.11,
    129560.19,
    132435.56,
    134802.39,
    137811.42,
    140271.92,
    142864.58000000002,
    146159.9,
    148905.83,
    151874.06,
    154426.51,
    156736.40000000002,
    159973.35,
    162299.22,
    164694.11,
    167880.32,
    170529.31,
    173513.15999999997,
    175370.84,
    177338.16999999998,
    179547.55,
    181529.66999999998,
    183964.86000000002,
    185964.14,
    187763.66,
    189932.7,
    192049.04,
    194161.79,
    196537.63999999998,
    198480.96,
    199930.96,
    201582.57,
    203311.41999999998,
    204831.71,
    206691.12,
    208875.61,
    211699.85,
    213830.93,
    215989.32,
    217896.16,
    219908.28,
    221524.38,
    223930.75,
    226244.69000000003,
    228971.66,
    231297.82,
    234161.81,
    236451.40999999997,
    238638.25,
    241682.78999999998,
    244550.26,
    246621.15999999997,
    249708.78999999998
  ],
  "success_rate": [
    0.6,
    0.59,
    0.5866666666666667,
    0.6325,
    0.656,
    0.6533333333333333,
    0.6528571428571428,
    0.64875,
    0.6477777777777778,
    0.643,
    0.6372727272727273,
    0.64,
    0.6369230769230769,
    0.6414285714285715,
    0.6453333333333333,
    0.6425,
    0.6394117647058823,
    0.6422222222222222,
    0.6452631578947369,
    0.6425,
    0.6447619047619048,
    0.6413636363636364,
    0.6426086956521739,
    0.6475,
    0.646,
    0.6457692307692308,
    0.6451851851851852,
    0.6446428571428572,
    0.6437931034482759,
    0.646,
    0.6441935483870967,
    0.6403125,
    0.6415151515151515,
    0.6426470588235295,
    0.6428571428571429,
    0.645,
    0.6435135135135135,
    0.6423684210526316,
    0.6410256410256411,
    0.64075,
    0.6402439024390244,
    0.6388095238095238,
    0.6383720930232558,
    0.6386363636363637,
    0.6386666666666667,
    0.6404347826086957,
    0.6406382978723404,
    0.6404166666666666,
    0.6406122448979592,
    0.642,
    0.6403921568627451,
    0.64,
    0.639433962264151,
    0.6392592592592593,
    0.6401818181818182,
    0.6394642857142857,
    0.6398245614035087,
    0.6398275862068965,
    0.6403389830508475,
    0.6415,
    0.6414754098360655,
    0.6416129032258064,
    0.6428571428571429,
    0.6446875,
    0.6466153846153846,
    0.6460606060606061,
    0.6453731343283582,
    0.6451470588235294,
    0.644927536231884,
    0.6454285714285715,
    0.6440845070422535,
    0.6430555555555556,
    0.6421917808219179,
    0.6416216216216216,
    0.6404,
    0.6397368421052632,
    0.6402597402597403,
    0.6408974358974359,
    0.6403797468354431,
    0.641,
    0.6409876543209877,
    0.6418292682926829,
    0.640722891566265,
    0.6403571428571428,
    0.6397647058823529,
    0.6401162790697674,
    0.6391954022988505,
    0.6388636363636364,
    0.6386516853932585,
    0.6386666666666667,
    0.6378021978021978,
    0.6385869565217391,
    0.6389247311827957,
    0.6390425531914894,
    0.6396842105263157,
    0.64,
    0.6394845360824742,
    0.6390816326530612,
    0.6401010101010101,
    0.6406
  ],