{
  "throughput": [
    1.25,
    1.75,
    1.0,
    1.25,
    1.25,
    0.75,
    1.0,
    1.75,
    1.25,
    1.0,
    1.0,
    1.75,
    1.25,
    1.25,
    1.0,
    1.5,
    1.5,
    1.75,
    1.0,
    1.25,
    1.0,
    1.0,
    1.25,
    1.25,
    1.0,
    1.0,
    2.0,
    2.25,
    1.25,
    1.5,
    1.0,
    1.25,
    1.0,
    1.75,
    1.0,
    1.25,
    2.25,
    0.75,
    1.25,
    1.0,
    1.0,
    0.75,
    1.0,
    1.5,
    1.25,
    1.25,
    1.5,
    0.75,
    0.5,
    1.0,
    0.25,
    0.75,
    0.75,
    0.75,
    0.5,
    0.5,
    0.5,
    0.25,
    0.75,
    1.0,
    0.25,
    0.75,
    0.5,
    1.5,
    1.0,
    0.75,
    0.75,
    0.75,
    0.5,
    0.75,
    1.75,
    1.25,
    0.5,
    0.75,
    0.75,
    0.5,
    0.5,
    0.5,
    2.0,
    0.5,
    0.75,
    0.75,
    0.5,
    0.75,
    0.75,
    0.75,
    1.0,
    0.75,
    2.25,
    0.75,
    1.0,
    2.25,
    1.5,
    2.25,
    0.5,
    1.0,
    0.75,
    1.25,
    1.5,
    1.0
  ],
  "latency": [
    12.168750000000001,
    12.825,
    13.14375,
    13.475000000000001,
    14.09375,
    14.625,
    14.90625,
    15.275,
    15.70625,
    16.275,
    16.86875,
    17.375,
    17.88125,
    18.45,
    18.9125,
    19.481250000000003,
    19.9,
    20.318749999999998,
    20.799999999999997,
    21.175,
    21.525,
    22.04375,
    22.525,
    22.88125,
    23.5625,
    24.106250000000003,
    24.35,
    24.75,
    25.075,
    25.5375,
    25.86875,
    26.525,
    27.0625,
    27.55625,
    28.09375,
    28.706249999999997,
    29.19375,
    29.71875,
    30.03125,
    30.35,
    30.74375,
    31.05625,
    31.78125,
    32.2125,
    32.787499999999994,
    33.35,
    33.849999999999994,
    34.2125,
    34.5125,
    35.00625,
    35.5625,
    36.11875,
    36.45,
    36.94375,
    37.61875,
    38.01875,
    38.54375,
    39.025000000000006,
    39.61875,
    40.225,
    40.83125,
    41.50625,
    42.056250000000006,
    42.53125,
    43.0125,
    43.44375,
    43.75625,
    43.9,
    44.068749999999994,
    44.618750000000006,
    45.125,
    45.26875,
    45.45,
    45.875,
    46.325,
    46.85,
    47.30625,
    47.76875,
    48.35,
    49.0,
    49.80625,
    50.2375,
    50.8625,
    51.33125,
    51.68125,
    52.275000000000006,
    53.03125,
    53.425,
    53.93125,
    54.41875,
    54.8,
    55.29375,
    55.993750000000006,
    56.44375,
    57.05625,
    57.55,
    58.11875,
    58.6125,
    59.05625,
    59.55
  ],
  "energy_consumption": [
    2225.53,
    5456.299999999999,
    8599.5,
    12581.41,
    16102.849999999999,
    18791.14,
    22117.11,
    25281.07,
    28674.17,
    31811.35,
    35630.72,
    39758.26,
    43238.35,
    46704.850000000006,
    50591.68,
    53886.479999999996,
    57024.11,
    60682.920000000006,
    64108.649999999994,
    67951.54000000001,
    71398.86,
    74497.25,
    77858.65,
    81151.15,
    84325.51,
    87781.78,
    91644.03,
    95233.18,
    98518.86,
    101536.73999999999,
    104383.11,
    107539.26999999999,
    110274.18,
    113454.56,
    116293.75,
    119406.04000000001,
    123172.15999999999,
    125843.55,
    128478.84,
    131139.03,
    134467.65,
    137275.05,
    140177.7,
    143744.26,
    147404.68,
    150341.8,
    153559.81,
    156502.75,
    159208.31999999998,
    161404.33,
    162994.33,
    165586.76,
    167717.19,
    170527.63,
    172948.08000000002,
    175404.37,
    177973.34000000003,
    180359.91999999998,
    182843.51,
    185362.97999999998,
    187293.66999999998,
    189578.38,
    192053.43,
    194663.40000000002,
    197634.88,
    200785.47999999998,
    203586.36,
    206234.57,
    209001.40000000002,
    211602.71000000002,
    213643.55,
    216556.25,
    218962.88,
    222236.13,
    225047.62,
    227665.81,
    230104.77000000002,
    232350.16999999998,
    234967.09000000003,
    237657.4,
    240254.1,
    242836.03999999998,
    245284.66999999998,
    247598.47,
    250343.15000000002,
    253070.2,
    255804.01,
    258865.77,
    261520.31,
    264654.64,
    267469.45999999996,
    269973.70999999996,
    272564.13,
    275282.42,
    277617.14,
    279943.06,
    283190.31,
    286061.68,
    288689.79,
    291973.63
  ],
  "success_rate": [
    0.68,
    0.725,
    0.77,
    0.7975,
    0.794,
    0.7966666666666666,
    0.8128571428571428,
    0.8125,
    0.8144444444444444,
    0.813,
    0.8109090909090909,
    0.8108333333333333,
    0.8115384615384615,
    0.8107142857142857,
    0.8126666666666666,
    0.811875,
    0.8141176470588235,
    0.8161111111111111,
    0.8168421052631579,
    0.8195,
    0.8214285714285714,
    0.82,
    0.8204347826086956,
    0.8220833333333334,
    0.8192,
    0.818076923076923,
    0.8211111111111111,
    0.8221428571428572,
    0.8241379310344827,
    0.8243333333333334,
    0.8261290322580646,
    0.8246875,
    0.823939393939394,
    0.8238235294117647,
    0.8231428571428572,
    0.8219444444444445,
    0.8216216216216217,
    0.8213157894736842,
    0.8212820512820512,
    0.82075,
    0.8217073170731707,
    0.8228571428571428,
    0.8206976744186046,
    0.8209090909090909,
    0.8202222222222222,
    0.8195652173913044,
    0.8193617021276596,
    0.8202083333333333,
    0.8214285714285714,
    0.8206,
    0.8198039215686275,
    0.8194230769230769,
    0.8190566037735849,
    0.8190740740740741,
    0.818,
    0.8183928571428571,
    0.8180701754385965,
    0.8181034482758621,
    0.8174576271186441,
    0.8166666666666667,
    0.8155737704918032,
    0.8145161290322581,
    0.8144444444444444,
    0.8146875,
    0.814923076923077,
    0.8154545454545454,
    0.8155223880597015,
    0.8164705882352942,
    0.8171014492753623,
    0.816,
    0.8149295774647888,
    0.8154166666666667,
    0.8158904109589041,
    0.8162162162162162,
    0.8165333333333333,
    0.8163157894736842,
    0.8162337662337662,
    0.8164102564102564,
    0.8162025316455697,
    0.815625,
    0.8140740740740741,
    0.8141463414634146,
    0.8133734939759036,
    0.8133333333333334,
    0.8136470588235294,
    0.8132558139534883,
    0.8122988505747126,
    0.8129545454545455,
    0.8131460674157304,
    0.8132222222222222,
    0.8138461538461539,
    0.8140217391304347,
    0.8132258064516129,
    0.813404255319149,
    0.8128421052631579,
    0.8128125,
    0.8125773195876289,
    0.8127551020408164,
    0.8127272727272727,
    0.8127
  ],