{
  "throughput": [
    0.75,
    1.0,
    0.25,
    0.75,
    0.75,
    0.75,
    0.75,
    0.75,
    0.75,
    0.75,
    0.75,
    0.75,
    0.75,
    0.5,
    0.75,
    0.5,
    0.75,
    0.5,
    0.75,
    0.75,
    0.75,
    0.75,
    0.75,
    0.75,
    0.75,
    0.75,
    0.5,
    1.0,
    0.75,
    0.75,
    0.75,
    0.5,
    0.75,
    0.75,
    0.5,
    0.75,
    0.75,
    0.5,
    0.75,
    0.5,
    0.75,
    0.75,
    0.75,
    0.75,
    0.75,
    0.75,
    0.75,
    1.0,
    0.75,
    1.0,
    0.75,
    0.75,
    0.75,
    0.75,
    0.75,
    0.75,
    0.5,
    0.75,
    0.75,
    0.75,
    0.75,
    0.75,
    0.75,
    0.75,
    0.75,
    0.75,
    0.75,
    0.75,
    0.5,
    0.5,
    0.75,
    0.75,
    0.5,
    0.75,
    0.75,
    0.5,
    0.75,
    0.75,
    0.75,
    0.75,
    0.75,
    0.75,
    0.75,
    0.75,
    0.75,
    1.0,
    0.5,
    0.5,
    0.5,
    0.75,
    0.75,
    0.75,
    0.75,
    0.75,
    0.75,
    0.75,
    0.75,
    0.75,
    0.75,
    0.75
  ],
  "latency": [
    12.35625,
    12.9375,
    13.49375,
    13.868749999999999,
    14.38125,
    14.88125,
    15.35625,
    15.90625,
    16.44375,
    17.0125,
    17.2125,
    17.61875,
    18.1125,
    18.65625,
    19.0125,
    19.64375,
    20.21875,
    20.83125,
    21.0375,
    21.5875,
    21.9875,
    22.44375,
    23.150000000000002,
    23.63125,
    24.30625,
    24.875,
    25.31875,
    25.90625,
    26.412499999999998,
    26.93125,
    27.45625,
    27.94375,
    28.55,
    29.15,
    29.5875,
    30.3375,
    30.94375,
    31.66875,
    32.3125,
    32.918749999999996,
    33.21875,
    33.9,
    34.54375,
    34.875,
    35.35,
    35.5875,
    36.275,
    36.6,
    37.1375,
    37.475,
    38.1125,
    38.525,
    38.975,
    39.63125,
    40.0125,
    40.60625,
    41.08125,
    41.49375,
    41.98125,
    42.4625,
    43.19375,
    43.55,
    44.2,
    44.78125,
    45.24375,
    46.018750000000004,
    46.43125,
    46.831250000000004,
    47.2,
    47.64375,
    48.24375,
    48.56875,
    49.21875,
    49.65625,
    50.212500000000006,
    50.8125,
    51.23125,
    51.90625,
    52.3375,
    52.756249999999994,
    53.31875,
    53.86875,
    54.3,
    54.91875,
    55.44375,
    55.775,
    56.1375,
    56.5,
    57.106249999999996,
    57.581250000000004,
    58.0,
    58.61875,
    59.3125,
    60.0,
    60.4125,
    60.8,
    61.29375,
    61.775,
    62.25,
    62.675
  ],
  "energy_consumption": [
    2480.8,
    5948.530000000001,
    8036.83,
    10920.72,
    14025.050000000001,
    17055.440000000002,
    20295.059999999998,
    23254.409999999996,
    26079.089999999997,
    28808.870000000003,
    32234.009999999995,
    35583.409999999996,
    38215.1,
    40601.31,
    43658.1,
    46018.42,
    49352.48,
    52186.55,
    55722.21,
    59004.729999999996,
    62220.39,
    65305.7,
    68300.59000000001,
    71283.04000000001,
    74117.55,
    77092.69,
    79996.15000000001,
    83620.17,
    86287.73,
    89230.84,
    92513.93999999999,
    95107.17,
    97987.89,
    101400.12,
    104217.94,
    107168.20999999999,
    110573.19,
    113479.22,
    116291.48000000001,
    118414.65999999999,
    121734.41,
    124646.13,
    127851.58000000002,
    130535.84,
    133325.84,
    136950.03000000003,
    140189.7,
    144011.77,
    147144.34,
    151178.55,
    154171.7,
    157622.04,
    160851.46,
    164020.56,
    167192.59999999998,
    169880.22,
    172811.94000000003,
    175674.94,
    178466.78999999998,
    181618.04,
    184803.62999999998,
    188106.63,
    191055.93,
    193922.07000000004,
    196508.78,
    199243.96,
    201883.82,
    204842.45,
    207754.37000000002,
    210157.89,
    212611.6,
    215885.3,
    218164.80000000002,
    221058.84999999998,
    224109.1,
    226940.16999999998,
    230234.72999999998,
    233695.7,
    236479.77,
    239266.97,
    241980.54,
    245430.15,
    248343.93,
    251621.92,
    254814.87,
    258628.08000000002,
    261141.78999999998,
    263690.85,
    266772.60000000003,
    269951.58,
    273103.06,
    276038.68,
    279335.51,
    281907.01,
    284714.52,
    288076.69,
    291734.58999999997,
    294808.31,
    298123.8,
    301274.63999999996
  ],
  "success_rate": [
    0.84,
    0.82,
    0.8133333333333334,
    0.8275,
    0.826,
    0.8266666666666667,
    0.8285714285714286,
    0.8275,
    0.8255555555555556,
    0.824,
    0.8336363636363636,
    0.8366666666666667,
    0.8369230769230769,
    0.8342857142857143,
    0.8373333333333334,
    0.834375,
    0.8329411764705882,
    0.8311111111111111,
    0.8363157894736842,
    0.8355,
    0.8366666666666667,
    0.8368181818181818,
    0.8339130434782609,
    0.8341666666666666,
    0.832,
    0.8311538461538461,
    0.8314814814814815,
    0.8303571428571429,
    0.8303448275862069,
    0.8303333333333334,
    0.83,
    0.83,
    0.8290909090909091,
    0.8285294117647058,
    0.8288571428571428,
    0.8266666666666667,
    0.825945945945946,
    0.8242105263157895,
    0.823076923076923,
    0.82225,
    0.8239024390243902,
    0.8226190476190476,
    0.8218604651162791,
    0.8234090909090909,
    0.8237777777777778,
    0.8258695652173913,
    0.8246808510638298,
    0.8260416666666667,
    0.8259183673469388,
    0.8272,
    0.8262745098039216,
    0.8269230769230769,
    0.8273584905660377,
    0.8264814814814815,
    0.8272727272727273,
    0.8267857142857142,
    0.8270175438596491,
    0.8275862068965517,
    0.8276271186440678,
    0.8278333333333333,
    0.8267213114754098,
    0.8275806451612904,
    0.8268253968253968,
    0.8265625,
    0.8269230769230769,
    0.8256060606060606,
    0.8259701492537314,
    0.8264705882352941,
    0.8271014492753623,
    0.8272857142857143,
    0.8267605633802817,
    0.8276388888888889,
    0.8268493150684931,
    0.8271621621621622,
    0.8270666666666666,
    0.8267105263157895,
    0.8271428571428572,
    0.8265384615384616,
    0.8269620253164557,
    0.827375,
    0.8271604938271605,
    0.8270731707317073,
    0.8273493975903614,
    0.8269047619047619,
    0.8268235294117647,
    0.8275581395348838,
    0.8281609195402299,
    0.82875,
    0.828314606741573,
    0.8284444444444444,
    0.8287912087912088,
    0.8283695652173914,
    0.827741935483871,
    0.8271276595744681,
    0.8274736842105264,
    0.8279166666666666,
    0.828041237113402,
    0.8281632653061225,
    0.8282828282828283,
    0.8286
  ],