{
  "throughput": [
    1.25,
    0.75,
    0.75,
    2.0,
    0.75,
    0.75,
    0.5,
    0.75,
    0.75,
    0.5,
    0.75,
    1.0,
    1.0,
    1.0,
    1.0,
    1.0,
    1.0,
    1.0,
    0.75,
    0.75,
    1.0,
    1.0,
    1.0,
    0.75,
    1.0,
    1.0,
    1.0,
    1.0,
    1.0,
    0.75,
    1.0,
    1.0,
    1.25,
    0.75,
    0.75,
    1.0,
    0.75,
    0.75,
    0.75,
    0.75,
    0.75,
    0.75,
    0.75,
    0.75,
    0.75,
    0.75,
    0.75,
    0.75,
    0.75,
    0.75,
    0.75,
    0.75,
    0.75,
    0.75,
    1.5,
    0.75,
    0.75,
    0.75,
    0.75,
    1.0,
    0.75,
    0.75,
    0.75,
    0.75,
    0.75,
    0.5,
    1.75,
    2.0,
    1.75,
    2.0,
    2.0,
    2.5,
    1.5,
    3.0,
    1.5,
    1.75,
    1.25,
    0.5,
    1.0,
    1.5,
    0.75,
    1.0,
    1.0,
    0.5,
    1.0,
    0.5,
    1.0,
    1.75,
    1.0,
    0.5,
    1.25,
    0.75,
    0.5,
    0.75,
    1.25,
    0.75,
    1.0,
    0.5,
    1.0,
    1.0
  ],
  "latency": [
    12.49375,
    13.01875,
    14.212499999999999,
    15.50625,
    16.8,
    17.9,
    19.18125,
    20.65,
    21.83125,
    23.29375,
    24.925,
    26.356250000000003,
    27.86875,
    28.94375,
    30.450000000000003,
    31.85,
    33.25625,
    34.625,
    35.79375,
    37.068749999999994,
    38.49375,
    39.69375,
    41.131249999999994,
    42.48125,
    43.6,
    45.0375,
    46.375,
    47.93124999999999,
    49.2625,
    50.6375,
    51.8375,
    53.33749999999999,
    54.743750000000006,
    56.212500000000006,
    57.68750000000001,
    59.150000000000006,
    60.825,
    62.09375,
    63.387499999999996,
    64.71875,
    66.2125,
    67.64375,
    68.88125,
    70.33125,
    71.625,
    72.71875,
    74.1625,
    75.6,
    77.15625,
    78.475,
    80.00625,
    81.61875,
    83.125,
    84.43125,
    85.725,
    87.3375,
    88.65625,
    90.19375,
    91.85,
    93.00625,
    94.25625,
    95.71875,
    96.775,
    98.38125,
    100.06875,
    101.275,
    102.19375,
    103.225,
    104.4375,
    105.48750000000001,
    106.51250000000002,
    107.58125000000001,
    108.6375,
    109.70625,
    110.71875,
    111.4125,
    112.69375000000001,
    113.725,
    114.8,
    115.99375,
    117.26249999999999,
    118.5125,
    119.69375000000001,
    120.9,
    121.98125,
    122.88125,
    123.66875,
    124.9125,
    126.15,
    127.08125000000001,
    128.05625,
    128.925,
    130.25625000000002,
    131.53125,
    132.64375,
    133.68125,
    135.01874999999998,
    136.10625000000002,
    137.2,
    138.175
  ],
  "energy_consumption": [
    1568.22,
    4613.33,
    6901.27,
    9015.34,
    11249.579999999998,
    13599.919999999998,
    15376.439999999999,
    17859.35,
    20271.09,
    21894.18,
    23662.92,
    26741.36,
    29656.82,
    32473.739999999998,
    35524.59,
    38610.37,
    40381.350000000006,
    43136.329999999994,
    45056.97,
    47324.369999999995,
    50329.43,
    52439.95,
    55158.51,
    57492.86,
    60275.759999999995,
    63312.39000000001,
    65124.57,
    67541.12000000001,
    70002.31,
    72233.17,
    75189.67,
    78290.3,
    80461.2,
    82747.54000000001,
    84882.20999999999,
    87774.70999999999,
    89870.98000000001,
    92202.59999999999,
    94623.18,
    96839.94,
    99186.40999999999,
    101345.78,
    104193.47,
    106098.69999999998,
    108398.08,
    110956.43000000001,
    113057.20000000001,
    115491.77,
    117356.92,
    119467.79,
    121553.68,
    123787.05000000002,
    125638.36,
    128412.86000000002,
    130607.16,
    132563.32,
    135177.62,
    137632.14,
    139943.95,
    142243.85,
    144824.05,
    147065.93,
    149451.52,
    151465.12,
    153715.95,
    155658.95,
    158129.07,
    160708.24,
    162780.72,
    165089.40000000002,
    168081.96,
    170444.84000000003,
    172510.2,
    175193.41,
    177230.50999999998,
    179790.27,
    181734.12,
    183631.82,
    186066.41,
    188368.36,
    190603.33,
    192671.85,
    195465.40000000002,
    196864.22000000003,
    198782.77000000002,
    200655.77000000002,
    203218.25999999998,
    205080.53999999998,
    207063.64,
    208963.4,
    210771.47,
    212325.01,
    214026.63,
    215453.54000000004,
    217418.47000000003,
    218716.54,
    220997.57,
    222845.34,
    224446.84000000003,
    226606.02
  ],
  "success_rate": [
    0.45,
    0.615,
    0.5733333333333334,
    0.54,
    0.518,
    0.5133333333333333,
    0.5014285714285714,
    0.4825,
    0.4811111111111111,
    0.468,
    0.4527272727272727,
    0.45166666666666666,
    0.4492307692307692,
    0.45785714285714285,
    0.454,
    0.455,
    0.4505882352941176,
    0.45222222222222225,
    0.4536842105263158,
    0.4535,
    0.45380952380952383,
    0.45454545454545453,
    0.4539130434782609,
    0.455,
    0.4568,
    0.45692307692307693,
    0.45555555555555555,
    0.45357142857142857,
    0.45482758620689656,
    0.453,
    0.4532258064516129,
    0.4528125,
    0.45121212121212123,
    0.4505882352941176,
    0.44942857142857146,
    0.4486111111111111,
    0.4462162162162162,
    0.4478947368421053,
    0.448974358974359,
    0.44975,
    0.44926829268292684,
    0.4492857142857143,
    0.4509302325581395,
    0.4506818181818182,
    0.45155555555555554,
    0.45304347826086955,
    0.45276595744680853,
    0.4527083333333333,
    0.4514285714285714,
    0.4518,
    0.45098039215686275,
    0.4494230769230769,
    0.4488679245283019,
    0.4494444444444444,
    0.4501818181818182,
    0.44892857142857145,
    0.4496491228070175,
    0.44862068965517243,
    0.4471186440677966,
    0.44783333333333336,
    0.4488524590163934,
    0.4485483870967742,
    0.45095238095238094,
    0.45,
    0.44846153846153847,
    0.4478787878787879,
    0.4488059701492537,
    0.44926470588235295,
    0.4484057971014493,
    0.44885714285714284,
    0.4491549295774648,
    0.44958333333333333,
    0.44972602739726025,
    0.4498648648648649,
    0.45,
    0.4518421052631579,
    0.4516883116883117,
    0.4519230769230769,
    0.4520253164556962,
    0.451375,
    0.45049382716049385,
    0.4498780487804878,
    0.4496385542168675,
    0.44904761904761903,
    0.4495294117647059,
    0.4502325581395349,
    0.4518390804597701,
    0.45125,
    0.4506741573033708,
    0.4507777777777778,
    0.45153846153846156,
    0.4523913043478261,
    0.45204301075268816,
    0.45148936170212767,
    0.4511578947368421,
    0.45135416666666667,
    0.4505154639175258,
    0.45071428571428573,
    0.4507070707070707,
    0.4514
  ],