{
    "config": {
        "num_shards": 16,
        "nodes_per_shard": 30,
        "total_nodes": 480,
        "malicious_percentage": 51,
        "attack_scenario": "51_percent"
    },
    "final_metrics": {
        "throughput": 196.9625,
        "latency": 37.18780818355084,
        "energy": 17.254177601870225,
        "security": 0.2,
        "cross_shard_ratio": 0.3062638827187916,
        "transaction_success_rate": 0.9848125,
        "network_stability": 0.6833764888571474,
        "resource_utilization": 0.13661720827222146,
        "consensus_efficiency": 0.9628121918164492,
        "shard_health": 0.6620754466571442,
        "avg_hops": 0.3062638827187916,
        "network_resilience": 0.11800310015012222,
        "avg_block_size": 1.2066819098916042,
        "network_partition_events": 3
    },
    "real_time_stats": {
        "start_time": 1742688764.8249314,
        "elapsed_time": 28.34924578666687,
        "tx_per_second": 2779.0862795035596,
        "avg_processing_time": 0.009724565804242982,
        "peak_throughput": 10830.0,
        "peak_latency": 0
    },
    "transaction_stats": {
        "total_created": 80000,
        "total_processed": 78785,
        "success_rate": 0.9848125
    }
}