{
    "config": {
        "num_shards": 16,
        "nodes_per_shard": 30,
        "total_nodes": 480,
        "malicious_percentage": 40,
        "attack_scenario": "mixed"
    },
    "final_metrics": {
        "throughput": 199.9725,
        "latency": 36.08225563390806,
        "energy": 17.12124942131767,
        "security": 0,
        "cross_shard_ratio": 0.30100388803460476,
        "transaction_success_rate": 0.9998625,
        "network_stability": 0.7158145483642323,
        "resource_utilization": 0.13499808152823034,
        "consensus_efficiency": 0.9639177443660919,
        "shard_health": 0.7151818645092698,
        "avg_hops": 0.30100388803460476,
        "network_resilience": 0.0,
        "avg_block_size": 1.1395456543538378,
        "network_partition_events": 2
    },
    "real_time_stats": {
        "start_time": 1742688865.3334017,
        "elapsed_time": 28.55829167366028,
        "tx_per_second": 2800.902831095286,
        "avg_processing_time": 0.009877806379648755,
        "peak_throughput": 12749.821015375474,
        "peak_latency": 0
    },
    "transaction_stats": {
        "total_created": 80000,
        "total_processed": 79989,
        "success_rate": 0.9998625
    }
}