{
    "config": {
        "num_shards": 16,
        "nodes_per_shard": 30,
        "total_nodes": 480,
        "malicious_percentage": 30.0,
        "attack_scenario": null
    },
    "final_metrics": {
        "throughput": 199.9875,
        "latency": 36.66361980962786,
        "energy": 17.13022227966451,
        "security": 0.7,
        "cross_shard_ratio": 0.300406275392212,
        "transaction_success_rate": 0.9999375,
        "network_stability": 0.7234577768016357,
        "resource_utilization": 0.13303769637630705,
        "consensus_efficiency": 0.9633363801903722,
        "shard_health": 0.7561623330404906,
        "avg_hops": 0.300406275392212,
        "network_resilience": 0.43904743452529504,
        "avg_block_size": 1.2685385546276264,
        "network_partition_events": 2
    },
    "real_time_stats": {
        "start_time": 1742688661.2002935,
        "elapsed_time": 98.31667160987854,
        "tx_per_second": 1627.2926796672064,
        "avg_processing_time": 0.01390425729724763,
        "peak_throughput": 13181.0,
        "peak_latency": 0
    },
    "transaction_stats": {
        "total_created": 160000,
        "total_processed": 159990,
        "success_rate": 0.9999375
    }
}