{
    "config": {
        "num_shards": 16,
        "nodes_per_shard": 30,
        "total_nodes": 480,
        "malicious_percentage": 30.0,
        "attack_scenario": "eclipse"
    },
    "final_metrics": {
        "throughput": 199.9675,
        "latency": 37.42004430734259,
        "energy": 17.145076838993653,
        "security": 0.44999999999999996,
        "cross_shard_ratio": 0.2996486929125983,
        "transaction_success_rate": 0.9998375,
        "network_stability": 0.700462186015324,
        "resource_utilization": 0.13636866997683605,
        "consensus_efficiency": 0.9625799556926574,
        "shard_health": 0.7494511558045972,
        "avg_hops": 0.2996486929125983,
        "network_resilience": 0.27222349020270614,
        "avg_block_size": 1.2816599873470969,
        "network_partition_events": 2
    },
    "real_time_stats": {
        "start_time": 1742688832.083989,
        "elapsed_time": 28.528944969177246,
        "tx_per_second": 2803.713915338201,
        "avg_processing_time": 0.00967767499220996,
        "peak_throughput": 12591.0,
        "peak_latency": 0
    },
    "transaction_stats": {
        "total_created": 80000,
        "total_processed": 79987,
        "success_rate": 0.9998375
    }
}