{
    "config": {
        "num_shards": 16,
        "nodes_per_shard": 30,
        "total_nodes": 480,
        "malicious_percentage": 30.0,
        "attack_scenario": "sybil"
    },
    "final_metrics": {
        "throughput": 199.97,
        "latency": 36.51998657401863,
        "energy": 17.176068245457937,
        "security": 0.49999999999999994,
        "cross_shard_ratio": 0.3008201230184528,
        "transaction_success_rate": 0.99985,
        "network_stability": 0.6950124747381076,
        "resource_utilization": 0.13645127042230318,
        "consensus_efficiency": 0.9634800134259813,
        "shard_health": 0.7485662424214321,
        "avg_hops": 0.3008201230184528,
        "network_resilience": 0.3000885698003719,
        "avg_block_size": 1.2009249093388754,
        "network_partition_events": 3
    },
    "real_time_stats": {
        "start_time": 1742688798.130738,
        "elapsed_time": 28.731061935424805,
        "tx_per_second": 2784.02518430328,
        "avg_processing_time": 0.009884509577324087,
        "peak_throughput": 12220.304237637018,
        "peak_latency": 0
    },
    "transaction_stats": {
        "total_created": 80000,
        "total_processed": 79988,
        "success_rate": 0.99985
    }
}